Lmod has detected the following error: The following module(s) are unknown:
"anaconda"

Please check the spelling or version number. Also try "module spider ..."
It is also possible your cache file is out-of-date; it may help to try:
  $ module --ignore-cache load "anaconda"

Also make sure that all modulefiles written in TCL start with the string
#%Module



[2m20:48:41.561[0m [96m[INFO][0m [37m[RESOURCEMANAGER][0m [97m[ResourceManager][0m ResourceManager initialised: total_cpus=64 total_gpus=4
[2m20:48:42.151[0m [96m[INFO][0m [91m[MANAGER][0m DDSim Manager initialized...
[2m20:48:42.499[0m [96m[INFO][0m [37m[INFERENCESERVICE][0m [97m[InferenceService][0m Auto-detected 1 nodes: ['v033']
[94m==================== LAUNCHING SERVERS ON 1 NODES ====================[0m
[2m20:48:42.500[0m [96m[INFO][0m [37m[INFERENCESERVICE][0m [97m[InferenceService][0m Launching server on node 0 (v033.pvt.bridges2.psc.edu:8001)...
[2m20:48:42.686[0m [96m[INFO][0m [37m[INFERENCESERVICE][0m [97m[InferenceService][0m [Server 0] Using devices: ['cuda:0', 'cuda:1', 'cuda:2', 'cuda:3']
[2m20:48:42.776[0m [96m[INFO][0m [37m[INFERENCESERVICE][0m [97m[InferenceService][0m [Server] Initializing inference service on devices: ['cuda:0', 'cuda:1', 'cuda:2', 'cuda:3']
[2m20:48:42.776[0m [96m[INFO][0m [37m[INFERENCESERVICE][0m [97m[InferenceService][0m [rank 0] Initializing service with 4 devices: ['cuda:0', 'cuda:1', 'cuda:2', 'cuda:3']
[2m20:48:42.949[0m [96m[INFO][0m [37m[INFERENCESERVICE][0m [97m[InferenceService][0m [rank 0] Configuration: max_batch_tokens=20000, num_batches=1600, 4 GPUs, 4 workers/GPU
[2m20:48:46.309[0m [96m[INFO][0m [37m[INFERENCESERVICE][0m [97m[InferenceService][0m [Service 0] Loading models 'facebook/esm2_t33_650M_UR50D' from Hugging Face to /ocean/projects/dmr170002p/goliyad/cache
[2m20:48:46.641[0m [96m[INFO][0m [37m[INFERENCESERVICE][0m [97m[InferenceService][0m [Service 0] Loading model 1/4 on cuda:0...
EsmModel LOAD REPORT from: facebook/esm2_t33_650M_UR50D
Key                         | Status     | 
----------------------------+------------+-
lm_head.dense.bias          | UNEXPECTED | 
esm.embeddings.position_ids | UNEXPECTED | 
lm_head.layer_norm.weight   | UNEXPECTED | 
lm_head.dense.weight        | UNEXPECTED | 
lm_head.bias                | UNEXPECTED | 
lm_head.layer_norm.bias     | UNEXPECTED | 
pooler.dense.bias           | MISSING    | 
pooler.dense.weight         | MISSING    | 

Notes:
- UNEXPECTED	:can be ignored when loading from different task/architecture; not ok if you expect identical arch.
- MISSING	:those params were newly initialized because missing from the checkpoint. Consider training on your downstream task.
[2m20:48:48.199[0m [96m[INFO][0m [37m[INFERENCESERVICE][0m [97m[InferenceService][0m [Service 0] Model loaded successfully on cuda:0
[2m20:48:48.199[0m [96m[INFO][0m [37m[INFERENCESERVICE][0m [97m[InferenceService][0m [Service 0] Loading model 2/4 on cuda:1...
EsmModel LOAD REPORT from: facebook/esm2_t33_650M_UR50D
Key                         | Status     | 
----------------------------+------------+-
lm_head.dense.bias          | UNEXPECTED | 
esm.embeddings.position_ids | UNEXPECTED | 
lm_head.layer_norm.weight   | UNEXPECTED | 
lm_head.dense.weight        | UNEXPECTED | 
lm_head.bias                | UNEXPECTED | 
lm_head.layer_norm.bias     | UNEXPECTED | 
pooler.dense.bias           | MISSING    | 
pooler.dense.weight         | MISSING    | 

Notes:
- UNEXPECTED	:can be ignored when loading from different task/architecture; not ok if you expect identical arch.
- MISSING	:those params were newly initialized because missing from the checkpoint. Consider training on your downstream task.
[2m20:48:49.928[0m [96m[INFO][0m [37m[INFERENCESERVICE][0m [97m[InferenceService][0m [Service 0] Model loaded successfully on cuda:1
[2m20:48:49.928[0m [96m[INFO][0m [37m[INFERENCESERVICE][0m [97m[InferenceService][0m [Service 0] Loading model 3/4 on cuda:2...
EsmModel LOAD REPORT from: facebook/esm2_t33_650M_UR50D
Key                         | Status     | 
----------------------------+------------+-
lm_head.dense.bias          | UNEXPECTED | 
esm.embeddings.position_ids | UNEXPECTED | 
lm_head.layer_norm.weight   | UNEXPECTED | 
lm_head.dense.weight        | UNEXPECTED | 
lm_head.bias                | UNEXPECTED | 
lm_head.layer_norm.bias     | UNEXPECTED | 
pooler.dense.bias           | MISSING    | 
pooler.dense.weight         | MISSING    | 

Notes:
- UNEXPECTED	:can be ignored when loading from different task/architecture; not ok if you expect identical arch.
- MISSING	:those params were newly initialized because missing from the checkpoint. Consider training on your downstream task.
[2m20:48:51.409[0m [96m[INFO][0m [37m[INFERENCESERVICE][0m [97m[InferenceService][0m [Service 0] Model loaded successfully on cuda:2
[2m20:48:51.410[0m [96m[INFO][0m [37m[INFERENCESERVICE][0m [97m[InferenceService][0m [Service 0] Loading model 4/4 on cuda:3...
EsmModel LOAD REPORT from: facebook/esm2_t33_650M_UR50D
Key                         | Status     | 
----------------------------+------------+-
lm_head.dense.bias          | UNEXPECTED | 
esm.embeddings.position_ids | UNEXPECTED | 
lm_head.layer_norm.weight   | UNEXPECTED | 
lm_head.dense.weight        | UNEXPECTED | 
lm_head.bias                | UNEXPECTED | 
lm_head.layer_norm.bias     | UNEXPECTED | 
pooler.dense.bias           | MISSING    | 
pooler.dense.weight         | MISSING    | 

Notes:
- UNEXPECTED	:can be ignored when loading from different task/architecture; not ok if you expect identical arch.
- MISSING	:those params were newly initialized because missing from the checkpoint. Consider training on your downstream task.
[2m20:48:52.917[0m [96m[INFO][0m [37m[INFERENCESERVICE][0m [97m[InferenceService][0m [Service 0] Model loaded successfully on cuda:3
[2m20:48:52.917[0m [96m[INFO][0m [37m[INFERENCESERVICE][0m [97m[InferenceService][0m [Service 0] Loaded 4 models across 4 GPUs in 6.61s
[2m20:48:52.917[0m [96m[INFO][0m [37m[INFERENCESERVICE][0m [97m[InferenceService][0m [Service 0] ESM2InferenceService initialized
[2m20:48:52.917[0m [96m[INFO][0m [37m[INFERENCESERVICE][0m [97m[InferenceService][0m [Server] Inference service initialized
[2m20:48:52.918[0m [96m[INFO][0m [37m[INFERENCESERVICE][0m [97m[InferenceService][0m [Server] Starting inference service...
[2m20:48:52.918[0m [96m[INFO][0m [37m[INFERENCESERVICE][0m [97m[InferenceService][0m [Server] Starting GPU workers...
[2m20:48:52.918[0m [96m[INFO][0m [37m[INFERENCESERVICE][0m [97m[InferenceService][0m [rank 0] Starting 4 worker(s) per GPU (4 GPUs = 16 total workers)
[2m20:48:52.918[0m [96m[INFO][0m [37m[INFERENCESERVICE][0m [97m[InferenceService][0m [rank 0] All 16 workers started (with metrics logging)
[2m20:48:52.918[0m [96m[INFO][0m [37m[INFERENCESERVICE][0m [97m[InferenceService][0m [Server] GPU workers started successfully
[2m20:48:52.918[0m [96m[INFO][0m [37m[INFERENCESERVICE][0m [97m[InferenceService][0m [Server 0] Server started on http://v033.pvt.bridges2.psc.edu:8001
[2m20:48:52.918[0m [96m[INFO][0m [37m[INFERENCESERVICE][0m [97m[InferenceService][0m Successfully launched 1/1 servers
[94m==================== WAITING FOR SERVERS TO BE READY ====================[0m
[2m20:48:52.921[0m [96m[INFO][0m [37m[INFERENCESERVICE][0m [97m[InferenceService][0m All 1 servers are healthy!
[2m20:48:52.921[0m [96m[INFO][0m [37m[INFERENCESERVICE][0m [97m[InferenceService][0m 1 services ready
[2m20:48:52.924[0m [96m[INFO][0m [37m[INFERENCESERVICE][0m [97m[InferenceService][0m Asyncflow enabled with ConcurrentExecutionBackend backend
[2m20:48:52.924[0m [96m[INFO][0m [37m[INFERENCESERVICE][0m [97m[InferenceService][0m [Client 0] Initialized with 1 endpoints, max_concurrent=800, timeout=600s
[2m20:48:52.924[0m [96m[INFO][0m [37m[INFERENCESERVICE][0m [97m[InferenceService][0m Created 1 clients
[2m20:48:52.924[0m [96m[INFO][0m [37m[INFERENCESERVICE][0m [97m[InferenceService][0m [Client 0] Starting remote inference
[2m20:48:52.924[0m [96m[INFO][0m [92m[TASK][0m [97m[InferenceService][0m Task started: [97m[rank 0] Batch generation[0m
[2m20:48:52.924[0m [96m[INFO][0m [37m[INFERENCESERVICE][0m [97m[InferenceService][0m [rank 0] Target: 48+ batches in flight to saturate 16 workers
[94m==================== DDSim MANAGER STARTING ====================[0m
[2m20:48:53.839[0m [96m[INFO][0m [37m[INFERENCESERVICE][0m [97m[InferenceService][0m [rank 0] Enqueuing 1600 batch IDs...
[2m20:48:53.840[0m [96m[INFO][0m [37m[INFERENCESERVICE][0m [97m[InferenceService][0m [rank 0] Pre-allocating batches for 4 devices...
[2m20:48:53.844[0m [96m[INFO][0m [91m[MANAGER][0m 0 simulation(s) running...
[2m20:48:53.844[0m [96m[INFO][0m [37m[INFERENCESERVICE][0m [97m[InferenceService][0m [rank 0] init_queue completed: 1600 batches in 0.92s
[2m20:48:53.844[0m [96m[INFO][0m [92m[TASK][0m [97m[InferenceService][0m Task completed: [97m[rank 0] Batch generation[0m
[2m20:48:53.844[0m [96m[INFO][0m [92m[TASK][0m [97m[InferenceService][0m Task started: [97m[rank 0] Remote inference[0m
[2m20:48:53.845[0m [96m[INFO][0m [34m[SIMULATION][0m Task started: [97mSim config_204[0m
[2m20:48:53.845[0m [96m[INFO][0m [91m[MANAGER][0m Training data ready.
[2m20:48:53.845[0m [96m[INFO][0m [34m[SIMULATION][0m Task started: [97mSim config_203[0m
[2m20:48:55.209[0m [96m[INFO][0m [34m[SIMULATION][0m Task started: [97mSim config_47[0m
[2m20:48:55.216[0m [96m[INFO][0m [93m[TRAINING][0m Iteration 1 / Epoch 1
[2m20:48:55.216[0m [96m[INFO][0m [34m[SIMULATION][0m Task started: [97mSim config_42[0m
[2m20:48:55.219[0m [96m[INFO][0m [34m[SIMULATION][0m Task started: [97mSim config_89[0m
[2m20:48:55.219[0m [96m[INFO][0m [37m[RESOURCEMANAGER][0m [97m[ResourceManager][0m preempting 6 task(s) for task_id=config_200 wf=dummy_workflow type=simulation priority=8
[2m20:48:55.219[0m [96m[INFO][0m [37m[RESOURCEMANAGER][0m [97m[ResourceManager][0m   preempted: task_id=batch_0 wf=infern_workflow type=client_req priority=0 cpus=1 gpus=0.00125
[2m20:48:55.220[0m [96m[INFO][0m [37m[RESOURCEMANAGER][0m [97m[ResourceManager][0m   preempted: task_id=batch_1 wf=infern_workflow type=client_req priority=0 cpus=1 gpus=0.00125
[2m20:48:55.220[0m [96m[INFO][0m [37m[RESOURCEMANAGER][0m [97m[ResourceManager][0m   preempted: task_id=batch_2 wf=infern_workflow type=client_req priority=0 cpus=1 gpus=0.00125
[2m20:48:55.220[0m [96m[INFO][0m [37m[RESOURCEMANAGER][0m [97m[ResourceManager][0m   preempted: task_id=batch_3 wf=infern_workflow type=client_req priority=0 cpus=1 gpus=0.00125
[2m20:48:55.220[0m [96m[INFO][0m [37m[RESOURCEMANAGER][0m [97m[ResourceManager][0m   preempted: task_id=batch_4 wf=infern_workflow type=client_req priority=0 cpus=1 gpus=0.00125
[2m20:48:55.220[0m [96m[INFO][0m [37m[RESOURCEMANAGER][0m [97m[ResourceManager][0m   preempted: task_id=batch_5 wf=infern_workflow type=client_req priority=0 cpus=1 gpus=0.00125
[2m20:48:55.220[0m [96m[INFO][0m [34m[SIMULATION][0m Task started: [97mSim config_200[0m
[2m20:48:55.896[0m [96m[INFO][0m [93m[TRAINING][0m Task started: [97mModel Training[0m
stop criterion metric: model_accuracy is not met yet (0.4951478485348151).
[2m20:48:56.448[0m [96m[INFO][0m [93m[TRAINING][0m Task completed: [97mModel Training[0m
[2m20:48:56.448[0m [96m[INFO][0m [93m[TRAINING][0m Task started: [97mCheck Accuracy[0m
[2m20:48:56.448[0m [96m[INFO][0m [93m[TRAINING][0m Task completed: [97mCheck Accuracy[0m
[2m20:48:56.448[0m [96m[INFO][0m [93m[TRAINING][0m Task started: [97mActive Learning[0m
[2m20:49:00.881[0m [96m[INFO][0m [93m[TRAINING][0m Task completed: [97mActive Learning[0m
[2m20:49:00.881[0m [96m[INFO][0m [95m[INFERENCE][0m Task started: [97mModel Inference[0m
[2m20:49:00.881[0m [96m[INFO][0m [34m[SIMULATION][0m Task started: [97mSim config_187[0m
[2m20:49:00.881[0m [96m[INFO][0m [37m[RESOURCEMANAGER][0m [97m[ResourceManager][0m preempting 1 task(s) for task_id=config_113 wf=dummy_workflow type=simulation priority=8
[2m20:49:00.881[0m [96m[INFO][0m [37m[RESOURCEMANAGER][0m [97m[ResourceManager][0m   preempted: task_id=batch_6 wf=infern_workflow type=client_req priority=0 cpus=1 gpus=0.00125
[2m20:49:00.881[0m [90m[DEBUG][0m [37m[INFERENCESERVICE][0m [97m[InferenceService][0m [Client 0] Flushing 6 tasks
[2m20:49:00.882[0m [96m[INFO][0m [34m[SIMULATION][0m Task started: [97mSim config_113[0m
[2m20:49:00.882[0m [93m[WARNING][0m [37m[INFERENCESERVICE][0m [97m[InferenceService][0m [Client 0] Preempted at task 0 — re-queuing 6 batch(es) for retry
[2m20:49:12.318[0m [96m[INFO][0m [95m[INFERENCE][0m Task completed: [97mModel Inference[0m
[2m20:49:12.318[0m [93m[WARNING][0m [34m[SIMULATION][0m Task killed: [97mSim config_200 permanently killed (prediction score 0.4942323319702218)[0m
[2m20:49:12.318[0m [93m[WARNING][0m [34m[SIMULATION][0m Task killed: [97mSim config_42 permanently killed (prediction score 0.4932743643982987)[0m
[2m20:49:12.318[0m [93m[WARNING][0m [34m[SIMULATION][0m Task killed: [97mSim config_47 permanently killed (prediction score 0.49302424940217626)[0m
[2m20:49:12.318[0m [93m[WARNING][0m [34m[SIMULATION][0m Task killed: [97mSim config_89 permanently killed (prediction score 0.4892688755249622)[0m
[2m20:49:12.318[0m [93m[WARNING][0m [34m[SIMULATION][0m Task killed: [97mSim config_200 permanently killed[0m
[2m20:49:12.318[0m [93m[WARNING][0m [34m[SIMULATION][0m Task killed: [97mSim config_42 permanently killed[0m
[2m20:49:12.318[0m [93m[WARNING][0m [34m[SIMULATION][0m Task killed: [97mSim config_47 permanently killed[0m
[2m20:49:12.318[0m [93m[WARNING][0m [34m[SIMULATION][0m Task killed: [97mSim config_89 permanently killed[0m
Post-processing results... 4 205
[2m20:49:12.319[0m [96m[INFO][0m [34m[SIMULATION][0m Task started: [97mSim config_108[0m
[2m20:49:12.319[0m [96m[INFO][0m [34m[SIMULATION][0m Task started: [97mSim config_61[0m
[2m20:49:12.319[0m [96m[INFO][0m [34m[SIMULATION][0m Task started: [97mSim config_194[0m
[2m20:49:12.319[0m [96m[INFO][0m [37m[RESOURCEMANAGER][0m [97m[ResourceManager][0m preempting 3 task(s) for task_id=config_100 wf=dummy_workflow type=simulation priority=8
[2m20:49:12.319[0m [96m[INFO][0m [37m[RESOURCEMANAGER][0m [97m[ResourceManager][0m   preempted: task_id=batch_7 wf=infern_workflow type=client_req priority=0 cpus=1 gpus=0.00125
[2m20:49:12.319[0m [96m[INFO][0m [37m[RESOURCEMANAGER][0m [97m[ResourceManager][0m   preempted: task_id=batch_8 wf=infern_workflow type=client_req priority=0 cpus=1 gpus=0.00125
[2m20:49:12.319[0m [96m[INFO][0m [37m[RESOURCEMANAGER][0m [97m[ResourceManager][0m   preempted: task_id=batch_9 wf=infern_workflow type=client_req priority=0 cpus=1 gpus=0.00125
[2m20:49:12.324[0m [96m[INFO][0m [34m[SIMULATION][0m Task started: [97mSim config_100[0m
[2m20:49:13.323[0m [96m[INFO][0m [91m[MANAGER][0m 8 simulation(s) running...
[2m20:49:13.324[0m [96m[INFO][0m [91m[MANAGER][0m Training data ready.
[2m20:49:13.324[0m [96m[INFO][0m [37m[RESOURCEMANAGER][0m [97m[ResourceManager][0m preempting 2 task(s) for task_id=train_task wf=dummy_workflow type=train_model priority=10
[2m20:49:13.324[0m [96m[INFO][0m [37m[RESOURCEMANAGER][0m [97m[ResourceManager][0m   preempted: task_id=config_204 wf=dummy_workflow type=simulation priority=8 cpus=1 gpus=0.5
[2m20:49:13.324[0m [96m[INFO][0m [37m[RESOURCEMANAGER][0m [97m[ResourceManager][0m   preempted: task_id=config_203 wf=dummy_workflow type=simulation priority=8 cpus=1 gpus=0.5
[2m20:49:13.324[0m [96m[INFO][0m [34m[SIMULATION][0m Sim config_204 cancelled for resources — re-queuing
[2m20:49:13.324[0m [96m[INFO][0m [34m[SIMULATION][0m Sim config_203 cancelled for resources — re-queuing
[2m20:49:13.324[0m [96m[INFO][0m [93m[TRAINING][0m Iteration 2 / Epoch 1
[2m20:49:13.324[0m [96m[INFO][0m [91m[MANAGER][0m Re-added Sim config_204 back to queue
[2m20:49:13.324[0m [96m[INFO][0m [91m[MANAGER][0m Re-added Sim config_203 back to queue
[2m20:49:14.551[0m [96m[INFO][0m [93m[TRAINING][0m Task started: [97mModel Training[0m
stop criterion metric: model_accuracy is not met yet (0.02578877366629484).
[2m20:49:15.354[0m [96m[INFO][0m [93m[TRAINING][0m Task completed: [97mModel Training[0m
[2m20:49:15.354[0m [96m[INFO][0m [93m[TRAINING][0m Task started: [97mCheck Accuracy[0m
[2m20:49:15.354[0m [96m[INFO][0m [93m[TRAINING][0m Task completed: [97mCheck Accuracy[0m
[2m20:49:15.355[0m [96m[INFO][0m [93m[TRAINING][0m Task started: [97mActive Learning[0m
[2m20:49:19.421[0m [96m[INFO][0m [37m[INFERENCESERVICE][0m [97m[InferenceService][0m [service 0] | elapsed=36.64s | req/s=0.27 | tok/s=5903.19 | work_q=0 | active_workers=0/16 | 
[2m20:49:19.517[0m [96m[INFO][0m [93m[TRAINING][0m Task completed: [97mActive Learning[0m
[2m20:49:19.518[0m [96m[INFO][0m [95m[INFERENCE][0m Task started: [97mModel Inference[0m
[2m20:49:19.518[0m [96m[INFO][0m [34m[SIMULATION][0m Task started: [97mSim config_45[0m
[2m20:49:19.518[0m [96m[INFO][0m [37m[RESOURCEMANAGER][0m [97m[ResourceManager][0m preempting 1 task(s) for task_id=config_83 wf=dummy_workflow type=simulation priority=8
[2m20:49:19.518[0m [96m[INFO][0m [37m[RESOURCEMANAGER][0m [97m[ResourceManager][0m   preempted: task_id=batch_10 wf=infern_workflow type=client_req priority=0 cpus=1 gpus=0.00125
[2m20:49:19.518[0m [90m[DEBUG][0m [37m[INFERENCESERVICE][0m [97m[InferenceService][0m [Client 0] Flushing 4 tasks
[2m20:49:19.518[0m [96m[INFO][0m [34m[SIMULATION][0m Task started: [97mSim config_83[0m
[2m20:49:19.521[0m [90m[DEBUG][0m [37m[INFERENCESERVICE][0m [97m[InferenceService][0m [Client 0] Flushing 1 tasks
[2m20:49:19.521[0m [93m[WARNING][0m [37m[INFERENCESERVICE][0m [97m[InferenceService][0m [Client 0] Preempted at task 0 — re-queuing 1 batch(es) for retry
[2m20:49:27.033[0m [96m[INFO][0m [34m[SIMULATION][0m Task completed: [97mSim config_113[0m
[2m20:49:27.036[0m [96m[INFO][0m [34m[SIMULATION][0m Task started: [97mSim config_111[0m
[2m20:49:27.043[0m [96m[INFO][0m [34m[SIMULATION][0m Task completed: [97mSim config_187[0m
[2m20:49:27.058[0m [96m[INFO][0m [34m[SIMULATION][0m Task started: [97mSim config_28[0m
[2m20:49:29.807[0m [96m[INFO][0m [95m[INFERENCE][0m Task completed: [97mModel Inference[0m
Post-processing results... 6 205
[2m20:49:30.808[0m [96m[INFO][0m [91m[MANAGER][0m 8 simulation(s) running...
[2m20:49:30.808[0m [96m[INFO][0m [91m[MANAGER][0m Training data ready.
[2m20:49:30.809[0m [96m[INFO][0m [37m[RESOURCEMANAGER][0m [97m[ResourceManager][0m preempting 2 task(s) for task_id=train_task wf=dummy_workflow type=train_model priority=10
[2m20:49:30.809[0m [96m[INFO][0m [37m[RESOURCEMANAGER][0m [97m[ResourceManager][0m   preempted: task_id=config_108 wf=dummy_workflow type=simulation priority=8 cpus=1 gpus=0.5
[2m20:49:30.809[0m [96m[INFO][0m [37m[RESOURCEMANAGER][0m [97m[ResourceManager][0m   preempted: task_id=config_61 wf=dummy_workflow type=simulation priority=8 cpus=1 gpus=0.5
[2m20:49:30.809[0m [96m[INFO][0m [34m[SIMULATION][0m Sim config_108 cancelled for resources — re-queuing
[2m20:49:30.809[0m [96m[INFO][0m [34m[SIMULATION][0m Sim config_61 cancelled for resources — re-queuing
[2m20:49:30.809[0m [96m[INFO][0m [93m[TRAINING][0m Iteration 3 / Epoch 1
[2m20:49:30.809[0m [96m[INFO][0m [91m[MANAGER][0m Re-added Sim config_108 back to queue
[2m20:49:30.809[0m [96m[INFO][0m [91m[MANAGER][0m Re-added Sim config_61 back to queue
[2m20:49:31.225[0m [96m[INFO][0m [93m[TRAINING][0m Task started: [97mModel Training[0m
stop criterion metric: model_accuracy is met with value of: 0.8325089815991789 . Breaking the active learning loop
[2m20:49:32.100[0m [96m[INFO][0m [93m[TRAINING][0m Task completed: [97mModel Training[0m
[2m20:49:32.100[0m [96m[INFO][0m [93m[TRAINING][0m Task started: [97mCheck Accuracy[0m
[2m20:49:32.100[0m [96m[INFO][0m [91m[MANAGER][0m Accuracy (0.8325089815991789) reached threshold → stopping training
[2m20:49:32.100[0m [96m[INFO][0m [95m[INFERENCE][0m Task started: [97mModel Inference[0m
[2m20:49:32.100[0m [96m[INFO][0m [34m[SIMULATION][0m Task started: [97mSim config_122[0m
[2m20:49:32.100[0m [96m[INFO][0m [37m[RESOURCEMANAGER][0m [97m[ResourceManager][0m preempting 1 task(s) for task_id=config_198 wf=dummy_workflow type=simulation priority=8
[2m20:49:32.101[0m [96m[INFO][0m [37m[RESOURCEMANAGER][0m [97m[ResourceManager][0m   preempted: task_id=batch_11 wf=infern_workflow type=client_req priority=0 cpus=1 gpus=0.00125
[2m20:49:32.101[0m [96m[INFO][0m [34m[SIMULATION][0m Task started: [97mSim config_198[0m
[2m20:49:38.560[0m [96m[INFO][0m [34m[SIMULATION][0m Task completed: [97mSim config_194[0m
[2m20:49:38.563[0m [96m[INFO][0m [34m[SIMULATION][0m Task started: [97mSim config_106[0m
[2m20:49:38.787[0m [96m[INFO][0m [34m[SIMULATION][0m Task completed: [97mSim config_100[0m
[2m20:49:38.791[0m [96m[INFO][0m [34m[SIMULATION][0m Task started: [97mSim config_11[0m
[2m20:49:39.422[0m [96m[INFO][0m [37m[INFERENCESERVICE][0m [97m[InferenceService][0m [service 0] | elapsed=56.65s | req/s=0.10 | tok/s=2163.05 | work_q=0 | active_workers=0/16 | 
[2m20:49:42.386[0m [96m[INFO][0m [95m[INFERENCE][0m Task completed: [97mModel Inference[0m
Post-processing results... 8 205
[2m20:49:43.387[0m [96m[INFO][0m [91m[MANAGER][0m 8 simulation(s) running...
[2m20:49:45.522[0m [96m[INFO][0m [34m[SIMULATION][0m Task completed: [97mSim config_83[0m
[2m20:49:45.526[0m [96m[INFO][0m [34m[SIMULATION][0m Task started: [97mSim config_51[0m
[2m20:49:45.577[0m [96m[INFO][0m [34m[SIMULATION][0m Task completed: [97mSim config_45[0m
[2m20:49:45.581[0m [96m[INFO][0m [34m[SIMULATION][0m Task started: [97mSim config_197[0m
[2m20:49:52.994[0m [96m[INFO][0m [34m[SIMULATION][0m Task completed: [97mSim config_111[0m
[2m20:49:52.998[0m [96m[INFO][0m [34m[SIMULATION][0m Task started: [97mSim config_59[0m
[2m20:49:53.049[0m [96m[INFO][0m [34m[SIMULATION][0m Task completed: [97mSim config_28[0m
[2m20:49:53.053[0m [96m[INFO][0m [34m[SIMULATION][0m Task started: [97mSim config_37[0m
[2m20:49:58.132[0m [96m[INFO][0m [34m[SIMULATION][0m Task completed: [97mSim config_198[0m
[2m20:49:58.136[0m [96m[INFO][0m [34m[SIMULATION][0m Task started: [97mSim config_53[0m
[2m20:49:58.136[0m [96m[INFO][0m [91m[MANAGER][0m Submitted 25 new simulation(s)
[2m20:49:58.147[0m [96m[INFO][0m [34m[SIMULATION][0m Task completed: [97mSim config_122[0m
[2m20:49:58.149[0m [90m[DEBUG][0m [37m[INFERENCESERVICE][0m [97m[InferenceService][0m [Client 0] Flushing 1 tasks
[2m20:49:58.149[0m [90m[DEBUG][0m [37m[INFERENCESERVICE][0m [97m[InferenceService][0m [Client 0] Flushing 1 tasks
[2m20:49:58.149[0m [93m[WARNING][0m [37m[INFERENCESERVICE][0m [97m[InferenceService][0m [Client 0] Preempted at task 0 — re-queuing 1 batch(es) for retry
[2m20:49:58.156[0m [90m[DEBUG][0m [37m[INFERENCESERVICE][0m [97m[InferenceService][0m [Client 0] Flushing 56 tasks
[2m20:49:58.322[0m [96m[INFO][0m [37m[RESOURCEMANAGER][0m [97m[ResourceManager][0m preempting 57 task(s) for task_id=config_170 wf=dummy_workflow type=simulation priority=8
[2m20:49:58.322[0m [96m[INFO][0m [37m[RESOURCEMANAGER][0m [97m[ResourceManager][0m   preempted: task_id=batch_12 wf=infern_workflow type=client_req priority=0 cpus=1 gpus=0.00125
[2m20:49:58.322[0m [96m[INFO][0m [37m[RESOURCEMANAGER][0m [97m[ResourceManager][0m   preempted: task_id=batch_13 wf=infern_workflow type=client_req priority=0 cpus=1 gpus=0.00125
[2m20:49:58.322[0m [96m[INFO][0m [37m[RESOURCEMANAGER][0m [97m[ResourceManager][0m   preempted: task_id=batch_14 wf=infern_workflow type=client_req priority=0 cpus=1 gpus=0.00125
[2m20:49:58.322[0m [96m[INFO][0m [37m[RESOURCEMANAGER][0m [97m[ResourceManager][0m   preempted: task_id=batch_15 wf=infern_workflow type=client_req priority=0 cpus=1 gpus=0.00125
[2m20:49:58.322[0m [96m[INFO][0m [37m[RESOURCEMANAGER][0m [97m[ResourceManager][0m   preempted: task_id=batch_16 wf=infern_workflow type=client_req priority=0 cpus=1 gpus=0.00125
[2m20:49:58.322[0m [96m[INFO][0m [37m[RESOURCEMANAGER][0m [97m[ResourceManager][0m   preempted: task_id=batch_17 wf=infern_workflow type=client_req priority=0 cpus=1 gpus=0.00125
[2m20:49:58.322[0m [96m[INFO][0m [37m[RESOURCEMANAGER][0m [97m[ResourceManager][0m   preempted: task_id=batch_18 wf=infern_workflow type=client_req priority=0 cpus=1 gpus=0.00125
[2m20:49:58.322[0m [96m[INFO][0m [37m[RESOURCEMANAGER][0m [97m[ResourceManager][0m   preempted: task_id=batch_19 wf=infern_workflow type=client_req priority=0 cpus=1 gpus=0.00125
[2m20:49:58.322[0m [96m[INFO][0m [37m[RESOURCEMANAGER][0m [97m[ResourceManager][0m   preempted: task_id=batch_20 wf=infern_workflow type=client_req priority=0 cpus=1 gpus=0.00125
[2m20:49:58.322[0m [96m[INFO][0m [37m[RESOURCEMANAGER][0m [97m[ResourceManager][0m   preempted: task_id=batch_21 wf=infern_workflow type=client_req priority=0 cpus=1 gpus=0.00125
[2m20:49:58.322[0m [96m[INFO][0m [37m[RESOURCEMANAGER][0m [97m[ResourceManager][0m   preempted: task_id=batch_22 wf=infern_workflow type=client_req priority=0 cpus=1 gpus=0.00125
[2m20:49:58.322[0m [96m[INFO][0m [37m[RESOURCEMANAGER][0m [97m[ResourceManager][0m   preempted: task_id=batch_23 wf=infern_workflow type=client_req priority=0 cpus=1 gpus=0.00125
[2m20:49:58.322[0m [96m[INFO][0m [37m[RESOURCEMANAGER][0m [97m[ResourceManager][0m   preempted: task_id=batch_24 wf=infern_workflow type=client_req priority=0 cpus=1 gpus=0.00125
[2m20:49:58.322[0m [96m[INFO][0m [37m[RESOURCEMANAGER][0m [97m[ResourceManager][0m   preempted: task_id=batch_25 wf=infern_workflow type=client_req priority=0 cpus=1 gpus=0.00125
[2m20:49:58.322[0m [96m[INFO][0m [37m[RESOURCEMANAGER][0m [97m[ResourceManager][0m   preempted: task_id=batch_26 wf=infern_workflow type=client_req priority=0 cpus=1 gpus=0.00125
[2m20:49:58.322[0m [96m[INFO][0m [37m[RESOURCEMANAGER][0m [97m[ResourceManager][0m   preempted: task_id=batch_27 wf=infern_workflow type=client_req priority=0 cpus=1 gpus=0.00125
[2m20:49:58.322[0m [96m[INFO][0m [37m[RESOURCEMANAGER][0m [97m[ResourceManager][0m   preempted: task_id=batch_28 wf=infern_workflow type=client_req priority=0 cpus=1 gpus=0.00125
[2m20:49:58.322[0m [96m[INFO][0m [37m[RESOURCEMANAGER][0m [97m[ResourceManager][0m   preempted: task_id=batch_29 wf=infern_workflow type=client_req priority=0 cpus=1 gpus=0.00125
[2m20:49:58.322[0m [96m[INFO][0m [37m[RESOURCEMANAGER][0m [97m[ResourceManager][0m   preempted: task_id=batch_30 wf=infern_workflow type=client_req priority=0 cpus=1 gpus=0.00125
[2m20:49:58.322[0m [96m[INFO][0m [37m[RESOURCEMANAGER][0m [97m[ResourceManager][0m   preempted: task_id=batch_31 wf=infern_workflow type=client_req priority=0 cpus=1 gpus=0.00125
[2m20:49:58.322[0m [96m[INFO][0m [37m[RESOURCEMANAGER][0m [97m[ResourceManager][0m   preempted: task_id=batch_32 wf=infern_workflow type=client_req priority=0 cpus=1 gpus=0.00125
[2m20:49:58.322[0m [96m[INFO][0m [37m[RESOURCEMANAGER][0m [97m[ResourceManager][0m   preempted: task_id=batch_33 wf=infern_workflow type=client_req priority=0 cpus=1 gpus=0.00125
[2m20:49:58.323[0m [96m[INFO][0m [37m[RESOURCEMANAGER][0m [97m[ResourceManager][0m   preempted: task_id=batch_34 wf=infern_workflow type=client_req priority=0 cpus=1 gpus=0.00125
[2m20:49:58.323[0m [96m[INFO][0m [37m[RESOURCEMANAGER][0m [97m[ResourceManager][0m   preempted: task_id=batch_35 wf=infern_workflow type=client_req priority=0 cpus=1 gpus=0.00125
[2m20:49:58.323[0m [96m[INFO][0m [37m[RESOURCEMANAGER][0m [97m[ResourceManager][0m   preempted: task_id=batch_36 wf=infern_workflow type=client_req priority=0 cpus=1 gpus=0.00125
[2m20:49:58.323[0m [96m[INFO][0m [37m[RESOURCEMANAGER][0m [97m[ResourceManager][0m   preempted: task_id=batch_37 wf=infern_workflow type=client_req priority=0 cpus=1 gpus=0.00125
[2m20:49:58.323[0m [96m[INFO][0m [37m[RESOURCEMANAGER][0m [97m[ResourceManager][0m   preempted: task_id=batch_38 wf=infern_workflow type=client_req priority=0 cpus=1 gpus=0.00125
[2m20:49:58.323[0m [96m[INFO][0m [37m[RESOURCEMANAGER][0m [97m[ResourceManager][0m   preempted: task_id=batch_39 wf=infern_workflow type=client_req priority=0 cpus=1 gpus=0.00125
[2m20:49:58.323[0m [96m[INFO][0m [37m[RESOURCEMANAGER][0m [97m[ResourceManager][0m   preempted: task_id=batch_40 wf=infern_workflow type=client_req priority=0 cpus=1 gpus=0.00125
[2m20:49:58.323[0m [96m[INFO][0m [37m[RESOURCEMANAGER][0m [97m[ResourceManager][0m   preempted: task_id=batch_41 wf=infern_workflow type=client_req priority=0 cpus=1 gpus=0.00125
[2m20:49:58.323[0m [96m[INFO][0m [37m[RESOURCEMANAGER][0m [97m[ResourceManager][0m   preempted: task_id=batch_42 wf=infern_workflow type=client_req priority=0 cpus=1 gpus=0.00125
[2m20:49:58.323[0m [96m[INFO][0m [37m[RESOURCEMANAGER][0m [97m[ResourceManager][0m   preempted: task_id=batch_43 wf=infern_workflow type=client_req priority=0 cpus=1 gpus=0.00125
[2m20:49:58.323[0m [96m[INFO][0m [37m[RESOURCEMANAGER][0m [97m[ResourceManager][0m   preempted: task_id=batch_44 wf=infern_workflow type=client_req priority=0 cpus=1 gpus=0.00125
[2m20:49:58.323[0m [96m[INFO][0m [37m[RESOURCEMANAGER][0m [97m[ResourceManager][0m   preempted: task_id=batch_45 wf=infern_workflow type=client_req priority=0 cpus=1 gpus=0.00125
[2m20:49:58.323[0m [96m[INFO][0m [37m[RESOURCEMANAGER][0m [97m[ResourceManager][0m   preempted: task_id=batch_46 wf=infern_workflow type=client_req priority=0 cpus=1 gpus=0.00125
[2m20:49:58.323[0m [96m[INFO][0m [37m[RESOURCEMANAGER][0m [97m[ResourceManager][0m   preempted: task_id=batch_47 wf=infern_workflow type=client_req priority=0 cpus=1 gpus=0.00125
[2m20:49:58.323[0m [96m[INFO][0m [37m[RESOURCEMANAGER][0m [97m[ResourceManager][0m   preempted: task_id=batch_48 wf=infern_workflow type=client_req priority=0 cpus=1 gpus=0.00125
[2m20:49:58.323[0m [96m[INFO][0m [37m[RESOURCEMANAGER][0m [97m[ResourceManager][0m   preempted: task_id=batch_49 wf=infern_workflow type=client_req priority=0 cpus=1 gpus=0.00125
[2m20:49:58.323[0m [96m[INFO][0m [37m[RESOURCEMANAGER][0m [97m[ResourceManager][0m   preempted: task_id=batch_50 wf=infern_workflow type=client_req priority=0 cpus=1 gpus=0.00125
[2m20:49:58.323[0m [96m[INFO][0m [37m[RESOURCEMANAGER][0m [97m[ResourceManager][0m   preempted: task_id=batch_51 wf=infern_workflow type=client_req priority=0 cpus=1 gpus=0.00125
[2m20:49:58.323[0m [96m[INFO][0m [37m[RESOURCEMANAGER][0m [97m[ResourceManager][0m   preempted: task_id=batch_52 wf=infern_workflow type=client_req priority=0 cpus=1 gpus=0.00125
[2m20:49:58.323[0m [96m[INFO][0m [37m[RESOURCEMANAGER][0m [97m[ResourceManager][0m   preempted: task_id=batch_53 wf=infern_workflow type=client_req priority=0 cpus=1 gpus=0.00125
[2m20:49:58.323[0m [96m[INFO][0m [37m[RESOURCEMANAGER][0m [97m[ResourceManager][0m   preempted: task_id=batch_54 wf=infern_workflow type=client_req priority=0 cpus=1 gpus=0.00125
[2m20:49:58.323[0m [96m[INFO][0m [37m[RESOURCEMANAGER][0m [97m[ResourceManager][0m   preempted: task_id=batch_55 wf=infern_workflow type=client_req priority=0 cpus=1 gpus=0.00125
[2m20:49:58.323[0m [96m[INFO][0m [37m[RESOURCEMANAGER][0m [97m[ResourceManager][0m   preempted: task_id=batch_56 wf=infern_workflow type=client_req priority=0 cpus=1 gpus=0.00125
[2m20:49:58.323[0m [96m[INFO][0m [37m[RESOURCEMANAGER][0m [97m[ResourceManager][0m   preempted: task_id=batch_57 wf=infern_workflow type=client_req priority=0 cpus=1 gpus=0.00125
[2m20:49:58.323[0m [96m[INFO][0m [37m[RESOURCEMANAGER][0m [97m[ResourceManager][0m   preempted: task_id=batch_58 wf=infern_workflow type=client_req priority=0 cpus=1 gpus=0.00125
[2m20:49:58.323[0m [96m[INFO][0m [37m[RESOURCEMANAGER][0m [97m[ResourceManager][0m   preempted: task_id=batch_59 wf=infern_workflow type=client_req priority=0 cpus=1 gpus=0.00125
[2m20:49:58.323[0m [96m[INFO][0m [37m[RESOURCEMANAGER][0m [97m[ResourceManager][0m   preempted: task_id=batch_60 wf=infern_workflow type=client_req priority=0 cpus=1 gpus=0.00125
[2m20:49:58.323[0m [96m[INFO][0m [37m[RESOURCEMANAGER][0m [97m[ResourceManager][0m   preempted: task_id=batch_61 wf=infern_workflow type=client_req priority=0 cpus=1 gpus=0.00125
[2m20:49:58.323[0m [96m[INFO][0m [37m[RESOURCEMANAGER][0m [97m[ResourceManager][0m   preempted: task_id=batch_62 wf=infern_workflow type=client_req priority=0 cpus=1 gpus=0.00125
[2m20:49:58.323[0m [96m[INFO][0m [37m[RESOURCEMANAGER][0m [97m[ResourceManager][0m   preempted: task_id=batch_63 wf=infern_workflow type=client_req priority=0 cpus=1 gpus=0.00125
[2m20:49:58.323[0m [96m[INFO][0m [37m[RESOURCEMANAGER][0m [97m[ResourceManager][0m   preempted: task_id=batch_64 wf=infern_workflow type=client_req priority=0 cpus=1 gpus=0.00125
[2m20:49:58.323[0m [96m[INFO][0m [37m[RESOURCEMANAGER][0m [97m[ResourceManager][0m   preempted: task_id=batch_65 wf=infern_workflow type=client_req priority=0 cpus=1 gpus=0.00125
[2m20:49:58.323[0m [96m[INFO][0m [37m[RESOURCEMANAGER][0m [97m[ResourceManager][0m   preempted: task_id=batch_66 wf=infern_workflow type=client_req priority=0 cpus=1 gpus=0.00125
[2m20:49:58.323[0m [96m[INFO][0m [37m[RESOURCEMANAGER][0m [97m[ResourceManager][0m   preempted: task_id=batch_67 wf=infern_workflow type=client_req priority=0 cpus=1 gpus=0.00125
[2m20:49:58.323[0m [96m[INFO][0m [37m[RESOURCEMANAGER][0m [97m[ResourceManager][0m   preempted: task_id=batch_68 wf=infern_workflow type=client_req priority=0 cpus=1 gpus=0.00125
[2m20:49:58.324[0m [96m[INFO][0m [34m[SIMULATION][0m Task started: [97mSim config_170[0m
[2m20:49:58.326[0m [93m[WARNING][0m [37m[INFERENCESERVICE][0m [97m[InferenceService][0m [Client 0] Preempted at task 0 — re-queuing 56 batch(es) for retry
[2m20:49:59.423[0m [96m[INFO][0m [37m[INFERENCESERVICE][0m [97m[InferenceService][0m [service 0] | elapsed=76.65s | req/s=0.00 | tok/s=17304.53 | work_q=24 | active_workers=16/16 | 
[2m20:50:03.387[0m [96m[INFO][0m [95m[INFERENCE][0m Task started: [97mModel Inference[0m
[2m20:50:04.521[0m [96m[INFO][0m [34m[SIMULATION][0m Task completed: [97mSim config_106[0m
[2m20:50:04.522[0m [96m[INFO][0m [34m[SIMULATION][0m Task started: [97mSim config_33[0m
[2m20:50:04.723[0m [96m[INFO][0m [34m[SIMULATION][0m Task completed: [97mSim config_11[0m
[2m20:50:04.725[0m [96m[INFO][0m [34m[SIMULATION][0m Task started: [97mSim config_110[0m
[2m20:50:11.554[0m [96m[INFO][0m [34m[SIMULATION][0m Task completed: [97mSim config_51[0m
[2m20:50:11.556[0m [96m[INFO][0m [34m[SIMULATION][0m Task started: [97mSim config_159[0m
[2m20:50:11.676[0m [96m[INFO][0m [34m[SIMULATION][0m Task completed: [97mSim config_197[0m
[2m20:50:11.678[0m [96m[INFO][0m [34m[SIMULATION][0m Task started: [97mSim config_75[0m
[2m20:50:15.199[0m [96m[INFO][0m [95m[INFERENCE][0m Task completed: [97mModel Inference[0m
[2m20:50:15.199[0m [93m[WARNING][0m [34m[SIMULATION][0m Task killed: [97mSim config_170 permanently killed (prediction score 0.4952961819294374)[0m
[2m20:50:15.200[0m [93m[WARNING][0m [34m[SIMULATION][0m Task killed: [97mSim config_59 permanently killed (prediction score 0.47193978670128367)[0m
[2m20:50:15.200[0m [93m[WARNING][0m [34m[SIMULATION][0m Task killed: [97mSim config_170 permanently killed[0m
[2m20:50:15.200[0m [93m[WARNING][0m [34m[SIMULATION][0m Task killed: [97mSim config_59 permanently killed[0m
Post-processing results... 20 205
[2m20:50:15.200[0m [96m[INFO][0m [34m[SIMULATION][0m Task started: [97mSim config_86[0m
[2m20:50:15.200[0m [96m[INFO][0m [37m[RESOURCEMANAGER][0m [97m[ResourceManager][0m preempting 1 task(s) for task_id=config_160 wf=dummy_workflow type=simulation priority=8
[2m20:50:15.200[0m [96m[INFO][0m [37m[RESOURCEMANAGER][0m [97m[ResourceManager][0m   preempted: task_id=batch_69 wf=infern_workflow type=client_req priority=0 cpus=1 gpus=0.00125
[2m20:50:15.201[0m [96m[INFO][0m [34m[SIMULATION][0m Task started: [97mSim config_160[0m
[2m20:50:16.201[0m [96m[INFO][0m [91m[MANAGER][0m 8 simulation(s) running...
[2m20:50:19.052[0m [96m[INFO][0m [34m[SIMULATION][0m Task completed: [97mSim config_37[0m
[2m20:50:19.054[0m [96m[INFO][0m [34m[SIMULATION][0m Task started: [97mSim config_165[0m
[2m20:50:19.424[0m [96m[INFO][0m [37m[INFERENCESERVICE][0m [97m[InferenceService][0m [service 0] | elapsed=96.65s | req/s=2.90 | tok/s=45425.16 | work_q=0 | active_workers=0/16 | 
[2m20:50:24.232[0m [96m[INFO][0m [34m[SIMULATION][0m Task completed: [97mSim config_53[0m
[2m20:50:24.233[0m [96m[INFO][0m [34m[SIMULATION][0m Task started: [97mSim config_56[0m
[2m20:50:31.021[0m [96m[INFO][0m [34m[SIMULATION][0m Task completed: [97mSim config_33[0m
[2m20:50:31.022[0m [96m[INFO][0m [34m[SIMULATION][0m Task started: [97mSim config_120[0m
[2m20:50:31.223[0m [96m[INFO][0m [34m[SIMULATION][0m Task completed: [97mSim config_110[0m
[2m20:50:31.225[0m [96m[INFO][0m [34m[SIMULATION][0m Task started: [97mSim config_132[0m
[2m20:50:36.203[0m [96m[INFO][0m [95m[INFERENCE][0m Task started: [97mModel Inference[0m
[2m20:50:37.668[0m [96m[INFO][0m [34m[SIMULATION][0m Task completed: [97mSim config_159[0m
[2m20:50:37.669[0m [96m[INFO][0m [34m[SIMULATION][0m Task started: [97mSim config_13[0m
[2m20:50:38.108[0m [96m[INFO][0m [34m[SIMULATION][0m Task completed: [97mSim config_75[0m
[2m20:50:38.109[0m [96m[INFO][0m [34m[SIMULATION][0m Task started: [97mSim config_57[0m
[2m20:50:41.214[0m [96m[INFO][0m [34m[SIMULATION][0m Task completed: [97mSim config_160[0m
[2m20:50:41.215[0m [96m[INFO][0m [34m[SIMULATION][0m Task started: [97mSim config_19[0m
[2m20:50:41.292[0m [96m[INFO][0m [34m[SIMULATION][0m Task completed: [97mSim config_86[0m
[2m20:50:41.293[0m [96m[INFO][0m [34m[SIMULATION][0m Task started: [97mSim config_201[0m
[2m20:50:44.955[0m [96m[INFO][0m [34m[SIMULATION][0m Task completed: [97mSim config_165[0m
[2m20:50:44.956[0m [96m[INFO][0m [34m[SIMULATION][0m Task started: [97mSim config_179[0m
[2m20:50:47.396[0m [96m[INFO][0m [95m[INFERENCE][0m Task completed: [97mModel Inference[0m
[2m20:50:47.396[0m [93m[WARNING][0m [34m[SIMULATION][0m Task killed: [97mSim config_132 permanently killed (prediction score 0.476591907801512)[0m
[2m20:50:47.396[0m [93m[WARNING][0m [34m[SIMULATION][0m Task killed: [97mSim config_132 permanently killed[0m
Post-processing results... 30 205
[2m20:50:47.396[0m [96m[INFO][0m [34m[SIMULATION][0m Task started: [97mSim config_32[0m
[2m20:50:48.397[0m [96m[INFO][0m [91m[MANAGER][0m 8 simulation(s) running...
[2m20:50:50.086[0m [96m[INFO][0m [34m[SIMULATION][0m Task completed: [97mSim config_56[0m
[2m20:50:50.087[0m [96m[INFO][0m [34m[SIMULATION][0m Task started: [97mSim config_72[0m
[2m20:50:50.087[0m [96m[INFO][0m [91m[MANAGER][0m Submitted 18 new simulation(s)
[2m20:50:56.934[0m [96m[INFO][0m [34m[SIMULATION][0m Task completed: [97mSim config_120[0m
[2m20:50:56.936[0m [96m[INFO][0m [34m[SIMULATION][0m Task started: [97mSim config_112[0m
[2m20:51:03.547[0m [96m[INFO][0m [34m[SIMULATION][0m Task completed: [97mSim config_13[0m
[2m20:51:03.549[0m [96m[INFO][0m [34m[SIMULATION][0m Task started: [97mSim config_29[0m
[2m20:51:04.042[0m [96m[INFO][0m [34m[SIMULATION][0m Task completed: [97mSim config_57[0m
[2m20:51:04.044[0m [96m[INFO][0m [34m[SIMULATION][0m Task started: [97mSim config_127[0m
[2m20:51:07.118[0m [96m[INFO][0m [34m[SIMULATION][0m Task completed: [97mSim config_19[0m
[2m20:51:07.119[0m [96m[INFO][0m [34m[SIMULATION][0m Task started: [97mSim config_103[0m
[2m20:51:07.234[0m [96m[INFO][0m [34m[SIMULATION][0m Task completed: [97mSim config_201[0m
[2m20:51:07.236[0m [96m[INFO][0m [34m[SIMULATION][0m Task started: [97mSim config_163[0m
[2m20:51:08.398[0m [96m[INFO][0m [95m[INFERENCE][0m Task started: [97mModel Inference[0m
[2m20:51:10.806[0m [96m[INFO][0m [34m[SIMULATION][0m Task completed: [97mSim config_179[0m
[2m20:51:10.807[0m [96m[INFO][0m [34m[SIMULATION][0m Task started: [97mSim config_64[0m
[2m20:51:13.240[0m [96m[INFO][0m [34m[SIMULATION][0m Task completed: [97mSim config_32[0m
[2m20:51:13.241[0m [96m[INFO][0m [34m[SIMULATION][0m Task started: [97mSim config_134[0m
[2m20:51:15.908[0m [96m[INFO][0m [34m[SIMULATION][0m Task completed: [97mSim config_72[0m
[2m20:51:15.909[0m [96m[INFO][0m [34m[SIMULATION][0m Task started: [97mSim config_22[0m
[2m20:51:19.698[0m [96m[INFO][0m [95m[INFERENCE][0m Task completed: [97mModel Inference[0m
[2m20:51:19.698[0m [93m[WARNING][0m [34m[SIMULATION][0m Task killed: [97mSim config_103 permanently killed (prediction score 0.49320787805561794)[0m
[2m20:51:19.698[0m [93m[WARNING][0m [34m[SIMULATION][0m Task killed: [97mSim config_112 permanently killed (prediction score 0.4872167207993408)[0m
[2m20:51:19.698[0m [93m[WARNING][0m [34m[SIMULATION][0m Task killed: [97mSim config_29 permanently killed (prediction score 0.456676312062876)[0m
[2m20:51:19.698[0m [93m[WARNING][0m [34m[SIMULATION][0m Task killed: [97mSim config_103 permanently killed[0m
[2m20:51:19.698[0m [93m[WARNING][0m [34m[SIMULATION][0m Task killed: [97mSim config_112 permanently killed[0m
[2m20:51:19.699[0m [93m[WARNING][0m [34m[SIMULATION][0m Task killed: [97mSim config_29 permanently killed[0m
Post-processing results... 42 205
[2m20:51:19.699[0m [96m[INFO][0m [34m[SIMULATION][0m Task started: [97mSim config_82[0m
[2m20:51:19.699[0m [90m[DEBUG][0m [37m[INFERENCESERVICE][0m [97m[InferenceService][0m [Client 0] Flushing 1 tasks
[2m20:51:19.699[0m [96m[INFO][0m [34m[SIMULATION][0m Task started: [97mSim config_177[0m
[2m20:51:19.699[0m [96m[INFO][0m [37m[RESOURCEMANAGER][0m [97m[ResourceManager][0m preempting 1 task(s) for task_id=config_17 wf=dummy_workflow type=simulation priority=8
[2m20:51:19.699[0m [96m[INFO][0m [37m[RESOURCEMANAGER][0m [97m[ResourceManager][0m   preempted: task_id=batch_70 wf=infern_workflow type=client_req priority=0 cpus=1 gpus=0.00125
[2m20:51:19.699[0m [90m[DEBUG][0m [37m[INFERENCESERVICE][0m [97m[InferenceService][0m [Client 0] Flushing 1 tasks
[2m20:51:19.699[0m [96m[INFO][0m [34m[SIMULATION][0m Task started: [97mSim config_17[0m
[2m20:51:19.701[0m [93m[WARNING][0m [37m[INFERENCESERVICE][0m [97m[InferenceService][0m [Client 0] Preempted at task 0 — re-queuing 1 batch(es) for retry
[2m20:51:20.700[0m [96m[INFO][0m [91m[MANAGER][0m 8 simulation(s) running...
[2m20:51:29.913[0m [96m[INFO][0m [34m[SIMULATION][0m Task completed: [97mSim config_127[0m
[2m20:51:29.914[0m [96m[INFO][0m [34m[SIMULATION][0m Task started: [97mSim config_93[0m
[2m20:51:33.125[0m [96m[INFO][0m [34m[SIMULATION][0m Task completed: [97mSim config_163[0m
[2m20:51:33.127[0m [96m[INFO][0m [34m[SIMULATION][0m Task started: [97mSim config_66[0m
[2m20:51:36.632[0m [96m[INFO][0m [34m[SIMULATION][0m Task completed: [97mSim config_64[0m
[2m20:51:36.634[0m [96m[INFO][0m [34m[SIMULATION][0m Task started: [97mSim config_102[0m
[2m20:51:39.081[0m [96m[INFO][0m [34m[SIMULATION][0m Task completed: [97mSim config_134[0m
[2m20:51:39.083[0m [96m[INFO][0m [34m[SIMULATION][0m Task started: [97mSim config_152[0m
[2m20:51:39.430[0m [96m[INFO][0m [37m[INFERENCESERVICE][0m [97m[InferenceService][0m [service 0] | elapsed=176.65s | req/s=0.01 | tok/s=270.38 | work_q=0 | active_workers=0/16 | 
[2m20:51:40.701[0m [96m[INFO][0m [95m[INFERENCE][0m Task started: [97mModel Inference[0m
[2m20:51:41.729[0m [96m[INFO][0m [34m[SIMULATION][0m Task completed: [97mSim config_22[0m
[2m20:51:41.730[0m [96m[INFO][0m [34m[SIMULATION][0m Task started: [97mSim config_96[0m
[2m20:51:45.735[0m [96m[INFO][0m [34m[SIMULATION][0m Task completed: [97mSim config_82[0m
[2m20:51:45.736[0m [96m[INFO][0m [34m[SIMULATION][0m Task started: [97mSim config_94[0m
[2m20:51:45.736[0m [96m[INFO][0m [91m[MANAGER][0m Submitted 17 new simulation(s)
[2m20:51:45.767[0m [96m[INFO][0m [34m[SIMULATION][0m Task completed: [97mSim config_177[0m
[2m20:51:45.777[0m [90m[DEBUG][0m [37m[INFERENCESERVICE][0m [97m[InferenceService][0m [Client 0] Flushing 56 tasks
[2m20:51:45.944[0m [96m[INFO][0m [37m[RESOURCEMANAGER][0m [97m[ResourceManager][0m preempting 56 task(s) for task_id=config_77 wf=dummy_workflow type=simulation priority=8
[2m20:51:45.944[0m [96m[INFO][0m [37m[RESOURCEMANAGER][0m [97m[ResourceManager][0m   preempted: task_id=batch_71 wf=infern_workflow type=client_req priority=0 cpus=1 gpus=0.00125
[2m20:51:45.944[0m [96m[INFO][0m [37m[RESOURCEMANAGER][0m [97m[ResourceManager][0m   preempted: task_id=batch_72 wf=infern_workflow type=client_req priority=0 cpus=1 gpus=0.00125
[2m20:51:45.944[0m [96m[INFO][0m [37m[RESOURCEMANAGER][0m [97m[ResourceManager][0m   preempted: task_id=batch_73 wf=infern_workflow type=client_req priority=0 cpus=1 gpus=0.00125
[2m20:51:45.944[0m [96m[INFO][0m [37m[RESOURCEMANAGER][0m [97m[ResourceManager][0m   preempted: task_id=batch_74 wf=infern_workflow type=client_req priority=0 cpus=1 gpus=0.00125
[2m20:51:45.944[0m [96m[INFO][0m [37m[RESOURCEMANAGER][0m [97m[ResourceManager][0m   preempted: task_id=batch_75 wf=infern_workflow type=client_req priority=0 cpus=1 gpus=0.00125
[2m20:51:45.944[0m [96m[INFO][0m [37m[RESOURCEMANAGER][0m [97m[ResourceManager][0m   preempted: task_id=batch_76 wf=infern_workflow type=client_req priority=0 cpus=1 gpus=0.00125
[2m20:51:45.944[0m [96m[INFO][0m [37m[RESOURCEMANAGER][0m [97m[ResourceManager][0m   preempted: task_id=batch_77 wf=infern_workflow type=client_req priority=0 cpus=1 gpus=0.00125
[2m20:51:45.944[0m [96m[INFO][0m [37m[RESOURCEMANAGER][0m [97m[ResourceManager][0m   preempted: task_id=batch_78 wf=infern_workflow type=client_req priority=0 cpus=1 gpus=0.00125
[2m20:51:45.944[0m [96m[INFO][0m [37m[RESOURCEMANAGER][0m [97m[ResourceManager][0m   preempted: task_id=batch_79 wf=infern_workflow type=client_req priority=0 cpus=1 gpus=0.00125
[2m20:51:45.944[0m [96m[INFO][0m [37m[RESOURCEMANAGER][0m [97m[ResourceManager][0m   preempted: task_id=batch_80 wf=infern_workflow type=client_req priority=0 cpus=1 gpus=0.00125
[2m20:51:45.944[0m [96m[INFO][0m [37m[RESOURCEMANAGER][0m [97m[ResourceManager][0m   preempted: task_id=batch_81 wf=infern_workflow type=client_req priority=0 cpus=1 gpus=0.00125
[2m20:51:45.944[0m [96m[INFO][0m [37m[RESOURCEMANAGER][0m [97m[ResourceManager][0m   preempted: task_id=batch_82 wf=infern_workflow type=client_req priority=0 cpus=1 gpus=0.00125
[2m20:51:45.944[0m [96m[INFO][0m [37m[RESOURCEMANAGER][0m [97m[ResourceManager][0m   preempted: task_id=batch_83 wf=infern_workflow type=client_req priority=0 cpus=1 gpus=0.00125
[2m20:51:45.944[0m [96m[INFO][0m [37m[RESOURCEMANAGER][0m [97m[ResourceManager][0m   preempted: task_id=batch_84 wf=infern_workflow type=client_req priority=0 cpus=1 gpus=0.00125
[2m20:51:45.944[0m [96m[INFO][0m [37m[RESOURCEMANAGER][0m [97m[ResourceManager][0m   preempted: task_id=batch_85 wf=infern_workflow type=client_req priority=0 cpus=1 gpus=0.00125
[2m20:51:45.944[0m [96m[INFO][0m [37m[RESOURCEMANAGER][0m [97m[ResourceManager][0m   preempted: task_id=batch_86 wf=infern_workflow type=client_req priority=0 cpus=1 gpus=0.00125
[2m20:51:45.944[0m [96m[INFO][0m [37m[RESOURCEMANAGER][0m [97m[ResourceManager][0m   preempted: task_id=batch_87 wf=infern_workflow type=client_req priority=0 cpus=1 gpus=0.00125
[2m20:51:45.944[0m [96m[INFO][0m [37m[RESOURCEMANAGER][0m [97m[ResourceManager][0m   preempted: task_id=batch_88 wf=infern_workflow type=client_req priority=0 cpus=1 gpus=0.00125
[2m20:51:45.944[0m [96m[INFO][0m [37m[RESOURCEMANAGER][0m [97m[ResourceManager][0m   preempted: task_id=batch_89 wf=infern_workflow type=client_req priority=0 cpus=1 gpus=0.00125
[2m20:51:45.944[0m [96m[INFO][0m [37m[RESOURCEMANAGER][0m [97m[ResourceManager][0m   preempted: task_id=batch_90 wf=infern_workflow type=client_req priority=0 cpus=1 gpus=0.00125
[2m20:51:45.944[0m [96m[INFO][0m [37m[RESOURCEMANAGER][0m [97m[ResourceManager][0m   preempted: task_id=batch_91 wf=infern_workflow type=client_req priority=0 cpus=1 gpus=0.00125
[2m20:51:45.944[0m [96m[INFO][0m [37m[RESOURCEMANAGER][0m [97m[ResourceManager][0m   preempted: task_id=batch_92 wf=infern_workflow type=client_req priority=0 cpus=1 gpus=0.00125
[2m20:51:45.944[0m [96m[INFO][0m [37m[RESOURCEMANAGER][0m [97m[ResourceManager][0m   preempted: task_id=batch_93 wf=infern_workflow type=client_req priority=0 cpus=1 gpus=0.00125
[2m20:51:45.944[0m [96m[INFO][0m [37m[RESOURCEMANAGER][0m [97m[ResourceManager][0m   preempted: task_id=batch_94 wf=infern_workflow type=client_req priority=0 cpus=1 gpus=0.00125
[2m20:51:45.944[0m [96m[INFO][0m [37m[RESOURCEMANAGER][0m [97m[ResourceManager][0m   preempted: task_id=batch_95 wf=infern_workflow type=client_req priority=0 cpus=1 gpus=0.00125
[2m20:51:45.944[0m [96m[INFO][0m [37m[RESOURCEMANAGER][0m [97m[ResourceManager][0m   preempted: task_id=batch_96 wf=infern_workflow type=client_req priority=0 cpus=1 gpus=0.00125
[2m20:51:45.944[0m [96m[INFO][0m [37m[RESOURCEMANAGER][0m [97m[ResourceManager][0m   preempted: task_id=batch_97 wf=infern_workflow type=client_req priority=0 cpus=1 gpus=0.00125
[2m20:51:45.944[0m [96m[INFO][0m [37m[RESOURCEMANAGER][0m [97m[ResourceManager][0m   preempted: task_id=batch_98 wf=infern_workflow type=client_req priority=0 cpus=1 gpus=0.00125
[2m20:51:45.944[0m [96m[INFO][0m [37m[RESOURCEMANAGER][0m [97m[ResourceManager][0m   preempted: task_id=batch_99 wf=infern_workflow type=client_req priority=0 cpus=1 gpus=0.00125
[2m20:51:45.944[0m [96m[INFO][0m [37m[RESOURCEMANAGER][0m [97m[ResourceManager][0m   preempted: task_id=batch_100 wf=infern_workflow type=client_req priority=0 cpus=1 gpus=0.00125
[2m20:51:45.944[0m [96m[INFO][0m [37m[RESOURCEMANAGER][0m [97m[ResourceManager][0m   preempted: task_id=batch_101 wf=infern_workflow type=client_req priority=0 cpus=1 gpus=0.00125
[2m20:51:45.944[0m [96m[INFO][0m [37m[RESOURCEMANAGER][0m [97m[ResourceManager][0m   preempted: task_id=batch_102 wf=infern_workflow type=client_req priority=0 cpus=1 gpus=0.00125
[2m20:51:45.944[0m [96m[INFO][0m [37m[RESOURCEMANAGER][0m [97m[ResourceManager][0m   preempted: task_id=batch_103 wf=infern_workflow type=client_req priority=0 cpus=1 gpus=0.00125
[2m20:51:45.944[0m [96m[INFO][0m [37m[RESOURCEMANAGER][0m [97m[ResourceManager][0m   preempted: task_id=batch_104 wf=infern_workflow type=client_req priority=0 cpus=1 gpus=0.00125
[2m20:51:45.944[0m [96m[INFO][0m [37m[RESOURCEMANAGER][0m [97m[ResourceManager][0m   preempted: task_id=batch_105 wf=infern_workflow type=client_req priority=0 cpus=1 gpus=0.00125
[2m20:51:45.944[0m [96m[INFO][0m [37m[RESOURCEMANAGER][0m [97m[ResourceManager][0m   preempted: task_id=batch_106 wf=infern_workflow type=client_req priority=0 cpus=1 gpus=0.00125
[2m20:51:45.944[0m [96m[INFO][0m [37m[RESOURCEMANAGER][0m [97m[ResourceManager][0m   preempted: task_id=batch_107 wf=infern_workflow type=client_req priority=0 cpus=1 gpus=0.00125
[2m20:51:45.944[0m [96m[INFO][0m [37m[RESOURCEMANAGER][0m [97m[ResourceManager][0m   preempted: task_id=batch_108 wf=infern_workflow type=client_req priority=0 cpus=1 gpus=0.00125
[2m20:51:45.944[0m [96m[INFO][0m [37m[RESOURCEMANAGER][0m [97m[ResourceManager][0m   preempted: task_id=batch_109 wf=infern_workflow type=client_req priority=0 cpus=1 gpus=0.00125
[2m20:51:45.944[0m [96m[INFO][0m [37m[RESOURCEMANAGER][0m [97m[ResourceManager][0m   preempted: task_id=batch_110 wf=infern_workflow type=client_req priority=0 cpus=1 gpus=0.00125
[2m20:51:45.944[0m [96m[INFO][0m [37m[RESOURCEMANAGER][0m [97m[ResourceManager][0m   preempted: task_id=batch_111 wf=infern_workflow type=client_req priority=0 cpus=1 gpus=0.00125
[2m20:51:45.944[0m [96m[INFO][0m [37m[RESOURCEMANAGER][0m [97m[ResourceManager][0m   preempted: task_id=batch_112 wf=infern_workflow type=client_req priority=0 cpus=1 gpus=0.00125
[2m20:51:45.944[0m [96m[INFO][0m [37m[RESOURCEMANAGER][0m [97m[ResourceManager][0m   preempted: task_id=batch_113 wf=infern_workflow type=client_req priority=0 cpus=1 gpus=0.00125
[2m20:51:45.944[0m [96m[INFO][0m [37m[RESOURCEMANAGER][0m [97m[ResourceManager][0m   preempted: task_id=batch_114 wf=infern_workflow type=client_req priority=0 cpus=1 gpus=0.00125
[2m20:51:45.944[0m [96m[INFO][0m [37m[RESOURCEMANAGER][0m [97m[ResourceManager][0m   preempted: task_id=batch_115 wf=infern_workflow type=client_req priority=0 cpus=1 gpus=0.00125
[2m20:51:45.944[0m [96m[INFO][0m [37m[RESOURCEMANAGER][0m [97m[ResourceManager][0m   preempted: task_id=batch_116 wf=infern_workflow type=client_req priority=0 cpus=1 gpus=0.00125
[2m20:51:45.944[0m [96m[INFO][0m [37m[RESOURCEMANAGER][0m [97m[ResourceManager][0m   preempted: task_id=batch_117 wf=infern_workflow type=client_req priority=0 cpus=1 gpus=0.00125
[2m20:51:45.944[0m [96m[INFO][0m [37m[RESOURCEMANAGER][0m [97m[ResourceManager][0m   preempted: task_id=batch_118 wf=infern_workflow type=client_req priority=0 cpus=1 gpus=0.00125
[2m20:51:45.944[0m [96m[INFO][0m [37m[RESOURCEMANAGER][0m [97m[ResourceManager][0m   preempted: task_id=batch_119 wf=infern_workflow type=client_req priority=0 cpus=1 gpus=0.00125
[2m20:51:45.944[0m [96m[INFO][0m [37m[RESOURCEMANAGER][0m [97m[ResourceManager][0m   preempted: task_id=batch_120 wf=infern_workflow type=client_req priority=0 cpus=1 gpus=0.00125
[2m20:51:45.944[0m [96m[INFO][0m [37m[RESOURCEMANAGER][0m [97m[ResourceManager][0m   preempted: task_id=batch_121 wf=infern_workflow type=client_req priority=0 cpus=1 gpus=0.00125
[2m20:51:45.944[0m [96m[INFO][0m [37m[RESOURCEMANAGER][0m [97m[ResourceManager][0m   preempted: task_id=batch_122 wf=infern_workflow type=client_req priority=0 cpus=1 gpus=0.00125
[2m20:51:45.944[0m [96m[INFO][0m [37m[RESOURCEMANAGER][0m [97m[ResourceManager][0m   preempted: task_id=batch_123 wf=infern_workflow type=client_req priority=0 cpus=1 gpus=0.00125
[2m20:51:45.944[0m [96m[INFO][0m [37m[RESOURCEMANAGER][0m [97m[ResourceManager][0m   preempted: task_id=batch_124 wf=infern_workflow type=client_req priority=0 cpus=1 gpus=0.00125
[2m20:51:45.945[0m [96m[INFO][0m [37m[RESOURCEMANAGER][0m [97m[ResourceManager][0m   preempted: task_id=batch_125 wf=infern_workflow type=client_req priority=0 cpus=1 gpus=0.00125
[2m20:51:45.945[0m [96m[INFO][0m [37m[RESOURCEMANAGER][0m [97m[ResourceManager][0m   preempted: task_id=batch_126 wf=infern_workflow type=client_req priority=0 cpus=1 gpus=0.00125
[2m20:51:45.946[0m [96m[INFO][0m [34m[SIMULATION][0m Task started: [97mSim config_77[0m
[2m20:51:45.947[0m [96m[INFO][0m [34m[SIMULATION][0m Task completed: [97mSim config_17[0m
[2m20:51:45.947[0m [93m[WARNING][0m [37m[INFERENCESERVICE][0m [97m[InferenceService][0m [Client 0] Preempted at task 0 — re-queuing 56 batch(es) for retry
[2m20:51:46.025[0m [96m[INFO][0m [34m[SIMULATION][0m Task started: [97mSim config_31[0m
[2m20:51:52.218[0m [96m[INFO][0m [95m[INFERENCE][0m Task completed: [97mModel Inference[0m
[2m20:51:52.218[0m [93m[WARNING][0m [34m[SIMULATION][0m Task killed: [97mSim config_152 permanently killed (prediction score 0.49338524665249606)[0m
[2m20:51:52.219[0m [93m[WARNING][0m [34m[SIMULATION][0m Task killed: [97mSim config_66 permanently killed (prediction score 0.49083170254192426)[0m
[2m20:51:52.219[0m [93m[WARNING][0m [34m[SIMULATION][0m Task killed: [97mSim config_93 permanently killed (prediction score 0.45618057943044127)[0m
[2m20:51:52.219[0m [93m[WARNING][0m [34m[SIMULATION][0m Task killed: [97mSim config_152 permanently killed[0m
[2m20:51:52.219[0m [93m[WARNING][0m [34m[SIMULATION][0m Task killed: [97mSim config_66 permanently killed[0m
[2m20:51:52.219[0m [93m[WARNING][0m [34m[SIMULATION][0m Task killed: [97mSim config_93 permanently killed[0m
Post-processing results... 53 205
[2m20:51:52.219[0m [96m[INFO][0m [34m[SIMULATION][0m Task started: [97mSim config_126[0m
[2m20:51:52.219[0m [96m[INFO][0m [34m[SIMULATION][0m Task started: [97mSim config_14[0m
[2m20:51:52.219[0m [96m[INFO][0m [37m[RESOURCEMANAGER][0m [97m[ResourceManager][0m preempting 2 task(s) for task_id=config_154 wf=dummy_workflow type=simulation priority=8
[2m20:51:52.219[0m [96m[INFO][0m [37m[RESOURCEMANAGER][0m [97m[ResourceManager][0m   preempted: task_id=batch_127 wf=infern_workflow type=client_req priority=0 cpus=1 gpus=0.00125
[2m20:51:52.219[0m [96m[INFO][0m [37m[RESOURCEMANAGER][0m [97m[ResourceManager][0m   preempted: task_id=batch_128 wf=infern_workflow type=client_req priority=0 cpus=1 gpus=0.00125
[2m20:51:52.220[0m [96m[INFO][0m [34m[SIMULATION][0m Task started: [97mSim config_154[0m
[2m20:51:53.220[0m [96m[INFO][0m [91m[MANAGER][0m 8 simulation(s) running...
[2m20:51:59.434[0m [96m[INFO][0m [37m[INFERENCESERVICE][0m [97m[InferenceService][0m [service 0] | elapsed=196.66s | req/s=1.50 | tok/s=49744.13 | work_q=12 | active_workers=16/16 | 
[2m20:52:02.520[0m [96m[INFO][0m [34m[SIMULATION][0m Task completed: [97mSim config_102[0m
[2m20:52:02.522[0m [96m[INFO][0m [34m[SIMULATION][0m Task started: [97mSim config_10[0m
[2m20:52:07.632[0m [96m[INFO][0m [34m[SIMULATION][0m Task completed: [97mSim config_96[0m
[2m20:52:07.634[0m [96m[INFO][0m [34m[SIMULATION][0m Task started: [97mSim config_23[0m
[2m20:52:11.704[0m [96m[INFO][0m [34m[SIMULATION][0m Task completed: [97mSim config_94[0m
[2m20:52:11.705[0m [96m[INFO][0m [34m[SIMULATION][0m Task started: [97mSim config_131[0m
[2m20:52:12.271[0m [96m[INFO][0m [34m[SIMULATION][0m Task completed: [97mSim config_77[0m
[2m20:52:12.273[0m [96m[INFO][0m [34m[SIMULATION][0m Task started: [97mSim config_202[0m
[2m20:52:12.447[0m [96m[INFO][0m [34m[SIMULATION][0m Task completed: [97mSim config_31[0m
[2m20:52:12.448[0m [96m[INFO][0m [34m[SIMULATION][0m Task started: [97mSim config_130[0m
[2m20:52:13.222[0m [96m[INFO][0m [95m[INFERENCE][0m Task started: [97mModel Inference[0m
[2m20:52:18.592[0m [96m[INFO][0m [34m[SIMULATION][0m Task completed: [97mSim config_126[0m
[2m20:52:18.594[0m [96m[INFO][0m [34m[SIMULATION][0m Task started: [97mSim config_181[0m
[2m20:52:18.697[0m [96m[INFO][0m [34m[SIMULATION][0m Task completed: [97mSim config_154[0m
[2m20:52:18.699[0m [96m[INFO][0m [34m[SIMULATION][0m Task started: [97mSim config_145[0m
[2m20:52:18.717[0m [96m[INFO][0m [34m[SIMULATION][0m Task completed: [97mSim config_14[0m
[2m20:52:18.718[0m [96m[INFO][0m [34m[SIMULATION][0m Task started: [97mSim config_116[0m
[2m20:52:19.436[0m [96m[INFO][0m [37m[INFERENCESERVICE][0m [97m[InferenceService][0m [service 0] | elapsed=216.66s | req/s=1.40 | tok/s=12977.92 | work_q=0 | active_workers=0/16 | 
[2m20:52:25.124[0m [96m[INFO][0m [95m[INFERENCE][0m Task completed: [97mModel Inference[0m
[2m20:52:25.125[0m [93m[WARNING][0m [34m[SIMULATION][0m Task killed: [97mSim config_130 permanently killed (prediction score 0.49388326544151845)[0m
[2m20:52:25.125[0m [93m[WARNING][0m [34m[SIMULATION][0m Task killed: [97mSim config_202 permanently killed (prediction score 0.48868702384235385)[0m
[2m20:52:25.125[0m [93m[WARNING][0m [34m[SIMULATION][0m Task killed: [97mSim config_23 permanently killed (prediction score 0.49330213736636874)[0m
[2m20:52:25.125[0m [93m[WARNING][0m [34m[SIMULATION][0m Task killed: [97mSim config_130 permanently killed[0m
[2m20:52:25.125[0m [93m[WARNING][0m [34m[SIMULATION][0m Task killed: [97mSim config_202 permanently killed[0m
[2m20:52:25.125[0m [93m[WARNING][0m [34m[SIMULATION][0m Task killed: [97mSim config_23 permanently killed[0m
Post-processing results... 64 205
[2m20:52:25.125[0m [96m[INFO][0m [34m[SIMULATION][0m Task started: [97mSim config_38[0m
[2m20:52:25.125[0m [90m[DEBUG][0m [37m[INFERENCESERVICE][0m [97m[InferenceService][0m [Client 0] Flushing 2 tasks
[2m20:52:25.125[0m [96m[INFO][0m [34m[SIMULATION][0m Task started: [97mSim config_125[0m
[2m20:52:25.125[0m [96m[INFO][0m [37m[RESOURCEMANAGER][0m [97m[ResourceManager][0m preempting 1 task(s) for task_id=config_146 wf=dummy_workflow type=simulation priority=8
[2m20:52:25.125[0m [96m[INFO][0m [37m[RESOURCEMANAGER][0m [97m[ResourceManager][0m   preempted: task_id=batch_129 wf=infern_workflow type=client_req priority=0 cpus=1 gpus=0.00125
[2m20:52:25.126[0m [96m[INFO][0m [34m[SIMULATION][0m Task started: [97mSim config_146[0m
[2m20:52:25.126[0m [90m[DEBUG][0m [37m[INFERENCESERVICE][0m [97m[InferenceService][0m [Client 0] Flushing 1 tasks
[2m20:52:25.128[0m [93m[WARNING][0m [37m[INFERENCESERVICE][0m [97m[InferenceService][0m [Client 0] Preempted at task 0 — re-queuing 1 batch(es) for retry
[2m20:52:26.126[0m [96m[INFO][0m [91m[MANAGER][0m 8 simulation(s) running...
[2m20:52:28.641[0m [96m[INFO][0m [34m[SIMULATION][0m Task completed: [97mSim config_10[0m
[2m20:52:28.643[0m [96m[INFO][0m [34m[SIMULATION][0m Task started: [97mSim config_117[0m
[2m20:52:37.588[0m [96m[INFO][0m [34m[SIMULATION][0m Task completed: [97mSim config_131[0m
[2m20:52:37.591[0m [96m[INFO][0m [34m[SIMULATION][0m Task started: [97mSim config_34[0m
[2m20:52:37.592[0m [96m[INFO][0m [91m[MANAGER][0m Submitted 18 new simulation(s)
[2m20:52:39.437[0m [96m[INFO][0m [37m[INFERENCESERVICE][0m [97m[InferenceService][0m [service 0] | elapsed=236.66s | req/s=0.05 | tok/s=1081.53 | work_q=0 | active_workers=0/16 | 
[2m20:52:44.605[0m [96m[INFO][0m [34m[SIMULATION][0m Task completed: [97mSim config_181[0m
[2m20:52:44.606[0m [96m[INFO][0m [34m[SIMULATION][0m Task started: [97mSim config_73[0m
[2m20:52:44.755[0m [96m[INFO][0m [34m[SIMULATION][0m Task completed: [97mSim config_145[0m
[2m20:52:44.757[0m [96m[INFO][0m [34m[SIMULATION][0m Task started: [97mSim config_195[0m
[2m20:52:44.759[0m [96m[INFO][0m [34m[SIMULATION][0m Task completed: [97mSim config_116[0m
[2m20:52:44.760[0m [96m[INFO][0m [34m[SIMULATION][0m Task started: [97mSim config_41[0m
[2m20:52:46.127[0m [96m[INFO][0m [95m[INFERENCE][0m Task started: [97mModel Inference[0m
[2m20:52:51.174[0m [96m[INFO][0m [34m[SIMULATION][0m Task completed: [97mSim config_38[0m
[2m20:52:51.175[0m [96m[INFO][0m [34m[SIMULATION][0m Task started: [97mSim config_27[0m
[2m20:52:51.175[0m [96m[INFO][0m [34m[SIMULATION][0m Task completed: [97mSim config_125[0m
[2m20:52:51.178[0m [96m[INFO][0m [34m[SIMULATION][0m Task started: [97mSim config_182[0m
[2m20:52:51.200[0m [96m[INFO][0m [34m[SIMULATION][0m Task completed: [97mSim config_146[0m
[2m20:52:51.202[0m [96m[INFO][0m [34m[SIMULATION][0m Task started: [97mSim config_90[0m
[2m20:52:54.481[0m [96m[INFO][0m [34m[SIMULATION][0m Task completed: [97mSim config_117[0m
[2m20:52:54.482[0m [96m[INFO][0m [34m[SIMULATION][0m Task started: [97mSim config_196[0m
[2m20:52:58.258[0m [96m[INFO][0m [95m[INFERENCE][0m Task completed: [97mModel Inference[0m
[2m20:52:58.258[0m [93m[WARNING][0m [34m[SIMULATION][0m Task killed: [97mSim config_195 permanently killed (prediction score 0.4723747215125725)[0m
[2m20:52:58.258[0m [93m[WARNING][0m [34m[SIMULATION][0m Task killed: [97mSim config_34 permanently killed (prediction score 0.48113130286484174)[0m
[2m20:52:58.258[0m [93m[WARNING][0m [34m[SIMULATION][0m Task killed: [97mSim config_41 permanently killed (prediction score 0.49464746077117877)[0m
[2m20:52:58.258[0m [93m[WARNING][0m [34m[SIMULATION][0m Task killed: [97mSim config_73 permanently killed (prediction score 0.4645044517748579)[0m
[2m20:52:58.258[0m [93m[WARNING][0m [34m[SIMULATION][0m Task killed: [97mSim config_195 permanently killed[0m
[2m20:52:58.258[0m [93m[WARNING][0m [34m[SIMULATION][0m Task killed: [97mSim config_34 permanently killed[0m
[2m20:52:58.259[0m [93m[WARNING][0m [34m[SIMULATION][0m Task killed: [97mSim config_41 permanently killed[0m
[2m20:52:58.259[0m [93m[WARNING][0m [34m[SIMULATION][0m Task killed: [97mSim config_73 permanently killed[0m
Post-processing results... 77 205
[2m20:52:58.259[0m [96m[INFO][0m [34m[SIMULATION][0m Task started: [97mSim config_191[0m
[2m20:52:58.259[0m [96m[INFO][0m [34m[SIMULATION][0m Task started: [97mSim config_67[0m
[2m20:52:58.259[0m [96m[INFO][0m [34m[SIMULATION][0m Task started: [97mSim config_87[0m
[2m20:52:58.259[0m [96m[INFO][0m [37m[RESOURCEMANAGER][0m [97m[ResourceManager][0m preempting 3 task(s) for task_id=config_190 wf=dummy_workflow type=simulation priority=8
[2m20:52:58.259[0m [96m[INFO][0m [37m[RESOURCEMANAGER][0m [97m[ResourceManager][0m   preempted: task_id=batch_130 wf=infern_workflow type=client_req priority=0 cpus=1 gpus=0.00125
[2m20:52:58.259[0m [96m[INFO][0m [37m[RESOURCEMANAGER][0m [97m[ResourceManager][0m   preempted: task_id=batch_131 wf=infern_workflow type=client_req priority=0 cpus=1 gpus=0.00125
[2m20:52:58.259[0m [96m[INFO][0m [37m[RESOURCEMANAGER][0m [97m[ResourceManager][0m   preempted: task_id=batch_132 wf=infern_workflow type=client_req priority=0 cpus=1 gpus=0.00125
[2m20:52:58.264[0m [96m[INFO][0m [34m[SIMULATION][0m Task started: [97mSim config_190[0m
[2m20:52:59.260[0m [96m[INFO][0m [91m[MANAGER][0m 8 simulation(s) running...
[2m20:52:59.438[0m [96m[INFO][0m [37m[INFERENCESERVICE][0m [97m[InferenceService][0m [service 0] | elapsed=256.66s | req/s=0.00 | tok/s=3244.60 | work_q=0 | active_workers=3/16 | 
[2m20:53:17.165[0m [96m[INFO][0m [34m[SIMULATION][0m Task completed: [97mSim config_182[0m
[2m20:53:17.166[0m [96m[INFO][0m [34m[SIMULATION][0m Task started: [97mSim config_54[0m
[2m20:53:17.202[0m [96m[INFO][0m [34m[SIMULATION][0m Task completed: [97mSim config_27[0m
[2m20:53:17.203[0m [96m[INFO][0m [34m[SIMULATION][0m Task started: [97mSim config_60[0m
[2m20:53:17.220[0m [96m[INFO][0m [34m[SIMULATION][0m Task completed: [97mSim config_90[0m
[2m20:53:17.222[0m [96m[INFO][0m [34m[SIMULATION][0m Task started: [97mSim config_101[0m
[2m20:53:19.262[0m [96m[INFO][0m [95m[INFERENCE][0m Task started: [97mModel Inference[0m
[2m20:53:19.439[0m [96m[INFO][0m [37m[INFERENCESERVICE][0m [97m[InferenceService][0m [service 0] | elapsed=276.66s | req/s=0.15 | tok/s=0.00 | work_q=0 | active_workers=0/16 | 
[2m20:53:20.304[0m [96m[INFO][0m [34m[SIMULATION][0m Task completed: [97mSim config_196[0m
[2m20:53:20.305[0m [96m[INFO][0m [34m[SIMULATION][0m Task started: [97mSim config_81[0m
[2m20:53:24.442[0m [96m[INFO][0m [34m[SIMULATION][0m Task completed: [97mSim config_191[0m
[2m20:53:24.443[0m [96m[INFO][0m [34m[SIMULATION][0m Task started: [97mSim config_109[0m
[2m20:53:24.645[0m [96m[INFO][0m [34m[SIMULATION][0m Task completed: [97mSim config_67[0m
[2m20:53:24.646[0m [96m[INFO][0m [34m[SIMULATION][0m Task started: [97mSim config_155[0m
[2m20:53:24.646[0m [96m[INFO][0m [91m[MANAGER][0m Submitted 17 new simulation(s)
[2m20:53:24.679[0m [96m[INFO][0m [34m[SIMULATION][0m Task completed: [97mSim config_87[0m
[2m20:53:24.680[0m [90m[DEBUG][0m [37m[INFERENCESERVICE][0m [97m[InferenceService][0m [Client 0] Flushing 3 tasks
[2m20:53:24.681[0m [90m[DEBUG][0m [37m[INFERENCESERVICE][0m [97m[InferenceService][0m [Client 0] Flushing 1 tasks
[2m20:53:24.681[0m [96m[INFO][0m [34m[SIMULATION][0m Task completed: [97mSim config_190[0m
[2m20:53:24.682[0m [93m[WARNING][0m [37m[INFERENCESERVICE][0m [97m[InferenceService][0m [Client 0] Preempted at task 0 — re-queuing 1 batch(es) for retry
[2m20:53:24.760[0m [96m[INFO][0m [34m[SIMULATION][0m Task started: [97mSim config_16[0m
[2m20:53:24.760[0m [96m[INFO][0m [37m[RESOURCEMANAGER][0m [97m[ResourceManager][0m preempting 18 task(s) for task_id=config_52 wf=dummy_workflow type=simulation priority=8
[2m20:53:24.760[0m [96m[INFO][0m [37m[RESOURCEMANAGER][0m [97m[ResourceManager][0m   preempted: task_id=batch_133 wf=infern_workflow type=client_req priority=0 cpus=1 gpus=0.00125
[2m20:53:24.760[0m [96m[INFO][0m [37m[RESOURCEMANAGER][0m [97m[ResourceManager][0m   preempted: task_id=batch_134 wf=infern_workflow type=client_req priority=0 cpus=1 gpus=0.00125
[2m20:53:24.760[0m [96m[INFO][0m [37m[RESOURCEMANAGER][0m [97m[ResourceManager][0m   preempted: task_id=batch_135 wf=infern_workflow type=client_req priority=0 cpus=1 gpus=0.00125
[2m20:53:24.761[0m [96m[INFO][0m [37m[RESOURCEMANAGER][0m [97m[ResourceManager][0m   preempted: task_id=batch_136 wf=infern_workflow type=client_req priority=0 cpus=1 gpus=0.00125
[2m20:53:24.761[0m [96m[INFO][0m [37m[RESOURCEMANAGER][0m [97m[ResourceManager][0m   preempted: task_id=batch_137 wf=infern_workflow type=client_req priority=0 cpus=1 gpus=0.00125
[2m20:53:24.761[0m [96m[INFO][0m [37m[RESOURCEMANAGER][0m [97m[ResourceManager][0m   preempted: task_id=batch_138 wf=infern_workflow type=client_req priority=0 cpus=1 gpus=0.00125
[2m20:53:24.761[0m [96m[INFO][0m [37m[RESOURCEMANAGER][0m [97m[ResourceManager][0m   preempted: task_id=batch_139 wf=infern_workflow type=client_req priority=0 cpus=1 gpus=0.00125
[2m20:53:24.761[0m [96m[INFO][0m [37m[RESOURCEMANAGER][0m [97m[ResourceManager][0m   preempted: task_id=batch_140 wf=infern_workflow type=client_req priority=0 cpus=1 gpus=0.00125
[2m20:53:24.761[0m [96m[INFO][0m [37m[RESOURCEMANAGER][0m [97m[ResourceManager][0m   preempted: task_id=batch_141 wf=infern_workflow type=client_req priority=0 cpus=1 gpus=0.00125
[2m20:53:24.761[0m [96m[INFO][0m [37m[RESOURCEMANAGER][0m [97m[ResourceManager][0m   preempted: task_id=batch_142 wf=infern_workflow type=client_req priority=0 cpus=1 gpus=0.00125
[2m20:53:24.761[0m [96m[INFO][0m [37m[RESOURCEMANAGER][0m [97m[ResourceManager][0m   preempted: task_id=batch_143 wf=infern_workflow type=client_req priority=0 cpus=1 gpus=0.00125
[2m20:53:24.761[0m [96m[INFO][0m [37m[RESOURCEMANAGER][0m [97m[ResourceManager][0m   preempted: task_id=batch_144 wf=infern_workflow type=client_req priority=0 cpus=1 gpus=0.00125
[2m20:53:24.761[0m [96m[INFO][0m [37m[RESOURCEMANAGER][0m [97m[ResourceManager][0m   preempted: task_id=batch_145 wf=infern_workflow type=client_req priority=0 cpus=1 gpus=0.00125
[2m20:53:24.761[0m [96m[INFO][0m [37m[RESOURCEMANAGER][0m [97m[ResourceManager][0m   preempted: task_id=batch_146 wf=infern_workflow type=client_req priority=0 cpus=1 gpus=0.00125
[2m20:53:24.761[0m [96m[INFO][0m [37m[RESOURCEMANAGER][0m [97m[ResourceManager][0m   preempted: task_id=batch_147 wf=infern_workflow type=client_req priority=0 cpus=1 gpus=0.00125
[2m20:53:24.761[0m [96m[INFO][0m [37m[RESOURCEMANAGER][0m [97m[ResourceManager][0m   preempted: task_id=batch_148 wf=infern_workflow type=client_req priority=0 cpus=1 gpus=0.00125
[2m20:53:24.761[0m [96m[INFO][0m [37m[RESOURCEMANAGER][0m [97m[ResourceManager][0m   preempted: task_id=batch_149 wf=infern_workflow type=client_req priority=0 cpus=1 gpus=0.00125
[2m20:53:24.761[0m [96m[INFO][0m [37m[RESOURCEMANAGER][0m [97m[ResourceManager][0m   preempted: task_id=batch_150 wf=infern_workflow type=client_req priority=0 cpus=1 gpus=0.00125
[2m20:53:24.761[0m [90m[DEBUG][0m [37m[INFERENCESERVICE][0m [97m[InferenceService][0m [Client 0] Flushing 16 tasks
[2m20:53:24.761[0m [96m[INFO][0m [34m[SIMULATION][0m Task started: [97mSim config_52[0m
[2m20:53:24.813[0m [93m[WARNING][0m [37m[INFERENCESERVICE][0m [97m[InferenceService][0m [Client 0] Preempted at task 0 — re-queuing 16 batch(es) for retry
[2m20:53:31.832[0m [96m[INFO][0m [95m[INFERENCE][0m Task completed: [97mModel Inference[0m
[2m20:53:31.832[0m [93m[WARNING][0m [34m[SIMULATION][0m Task killed: [97mSim config_54 permanently killed (prediction score 0.4872154081100715)[0m
[2m20:53:31.832[0m [93m[WARNING][0m [34m[SIMULATION][0m Task killed: [97mSim config_60 permanently killed (prediction score 0.499131682759716)[0m
[2m20:53:31.832[0m [93m[WARNING][0m [34m[SIMULATION][0m Task killed: [97mSim config_54 permanently killed[0m
[2m20:53:31.832[0m [93m[WARNING][0m [34m[SIMULATION][0m Task killed: [97mSim config_60 permanently killed[0m
Post-processing results... 87 205
[2m20:53:31.832[0m [96m[INFO][0m [34m[SIMULATION][0m Task started: [97mSim config_153[0m
[2m20:53:31.832[0m [96m[INFO][0m [37m[RESOURCEMANAGER][0m [97m[ResourceManager][0m preempting 1 task(s) for task_id=config_175 wf=dummy_workflow type=simulation priority=8
[2m20:53:31.832[0m [96m[INFO][0m [37m[RESOURCEMANAGER][0m [97m[ResourceManager][0m   preempted: task_id=batch_151 wf=infern_workflow type=client_req priority=0 cpus=1 gpus=0.00125
[2m20:53:31.832[0m [96m[INFO][0m [34m[SIMULATION][0m Task started: [97mSim config_175[0m
[2m20:53:32.834[0m [96m[INFO][0m [91m[MANAGER][0m 8 simulation(s) running...
[2m20:53:39.442[0m [96m[INFO][0m [37m[INFERENCESERVICE][0m [97m[InferenceService][0m [service 0] | elapsed=296.67s | req/s=0.95 | tok/s=20547.39 | work_q=0 | active_workers=0/16 | 
[2m20:53:43.293[0m [96m[INFO][0m [34m[SIMULATION][0m Task completed: [97mSim config_101[0m
[2m20:53:43.294[0m [96m[INFO][0m [34m[SIMULATION][0m Task started: [97mSim config_148[0m
[2m20:53:46.254[0m [96m[INFO][0m [34m[SIMULATION][0m Task completed: [97mSim config_81[0m
[2m20:53:46.256[0m [96m[INFO][0m [34m[SIMULATION][0m Task started: [97mSim config_115[0m
[2m20:53:50.661[0m [96m[INFO][0m [34m[SIMULATION][0m Task completed: [97mSim config_109[0m
[2m20:53:50.662[0m [96m[INFO][0m [34m[SIMULATION][0m Task started: [97mSim config_105[0m
[2m20:53:51.268[0m [96m[INFO][0m [34m[SIMULATION][0m Task completed: [97mSim config_155[0m
[2m20:53:51.269[0m [96m[INFO][0m [34m[SIMULATION][0m Task started: [97mSim config_151[0m
[2m20:53:51.427[0m [96m[INFO][0m [34m[SIMULATION][0m Task completed: [97mSim config_52[0m
[2m20:53:51.429[0m [96m[INFO][0m [34m[SIMULATION][0m Task started: [97mSim config_50[0m
[2m20:53:51.731[0m [96m[INFO][0m [34m[SIMULATION][0m Task completed: [97mSim config_16[0m
[2m20:53:51.732[0m [96m[INFO][0m [34m[SIMULATION][0m Task started: [97mSim config_157[0m
[2m20:53:52.834[0m [96m[INFO][0m [95m[INFERENCE][0m Task started: [97mModel Inference[0m
[2m20:53:57.807[0m [96m[INFO][0m [34m[SIMULATION][0m Task completed: [97mSim config_153[0m
[2m20:53:57.808[0m [96m[INFO][0m [34m[SIMULATION][0m Task started: [97mSim config_99[0m
[2m20:53:57.840[0m [96m[INFO][0m [34m[SIMULATION][0m Task completed: [97mSim config_175[0m
[2m20:53:57.842[0m [96m[INFO][0m [34m[SIMULATION][0m Task started: [97mSim config_169[0m
[2m20:54:05.469[0m [96m[INFO][0m [95m[INFERENCE][0m Task completed: [97mModel Inference[0m
[2m20:54:05.469[0m [93m[WARNING][0m [34m[SIMULATION][0m Task killed: [97mSim config_105 permanently killed (prediction score 0.46127140733187333)[0m
[2m20:54:05.469[0m [93m[WARNING][0m [34m[SIMULATION][0m Task killed: [97mSim config_115 permanently killed (prediction score 0.47423455107841117)[0m
[2m20:54:05.469[0m [93m[WARNING][0m [34m[SIMULATION][0m Task killed: [97mSim config_148 permanently killed (prediction score 0.46873940482558185)[0m
[2m20:54:05.469[0m [93m[WARNING][0m [34m[SIMULATION][0m Task killed: [97mSim config_105 permanently killed[0m
[2m20:54:05.469[0m [93m[WARNING][0m [34m[SIMULATION][0m Task killed: [97mSim config_115 permanently killed[0m
[2m20:54:05.469[0m [93m[WARNING][0m [34m[SIMULATION][0m Task killed: [97mSim config_148 permanently killed[0m
Post-processing results... 98 205
[2m20:54:05.469[0m [96m[INFO][0m [34m[SIMULATION][0m Task started: [97mSim config_1[0m
[2m20:54:05.470[0m [90m[DEBUG][0m [37m[INFERENCESERVICE][0m [97m[InferenceService][0m [Client 0] Flushing 2 tasks
[2m20:54:05.470[0m [96m[INFO][0m [34m[SIMULATION][0m Task started: [97mSim config_129[0m
[2m20:54:05.470[0m [96m[INFO][0m [37m[RESOURCEMANAGER][0m [97m[ResourceManager][0m preempting 1 task(s) for task_id=config_5 wf=dummy_workflow type=simulation priority=8
[2m20:54:05.470[0m [96m[INFO][0m [37m[RESOURCEMANAGER][0m [97m[ResourceManager][0m   preempted: task_id=batch_152 wf=infern_workflow type=client_req priority=0 cpus=1 gpus=0.00125
[2m20:54:05.470[0m [96m[INFO][0m [34m[SIMULATION][0m Task started: [97mSim config_5[0m
[2m20:54:05.470[0m [90m[DEBUG][0m [37m[INFERENCESERVICE][0m [97m[InferenceService][0m [Client 0] Flushing 1 tasks
[2m20:54:05.472[0m [93m[WARNING][0m [37m[INFERENCESERVICE][0m [97m[InferenceService][0m [Client 0] Preempted at task 0 — re-queuing 1 batch(es) for retry
[2m20:54:06.471[0m [96m[INFO][0m [91m[MANAGER][0m 8 simulation(s) running...
[2m20:54:17.246[0m [96m[INFO][0m [34m[SIMULATION][0m Task completed: [97mSim config_151[0m
[2m20:54:17.247[0m [96m[INFO][0m [34m[SIMULATION][0m Task started: [97mSim config_188[0m
[2m20:54:17.421[0m [96m[INFO][0m [34m[SIMULATION][0m Task completed: [97mSim config_50[0m
[2m20:54:17.422[0m [96m[INFO][0m [34m[SIMULATION][0m Task started: [97mSim config_114[0m
[2m20:54:17.725[0m [96m[INFO][0m [34m[SIMULATION][0m Task completed: [97mSim config_157[0m
[2m20:54:17.726[0m [96m[INFO][0m [34m[SIMULATION][0m Task started: [97mSim config_147[0m
[2m20:54:19.446[0m [96m[INFO][0m [37m[INFERENCESERVICE][0m [97m[InferenceService][0m [service 0] | elapsed=336.67s | req/s=0.02 | tok/s=540.75 | work_q=0 | active_workers=0/16 | 
[2m20:54:23.726[0m [96m[INFO][0m [34m[SIMULATION][0m Task completed: [97mSim config_99[0m
[2m20:54:23.729[0m [96m[INFO][0m [34m[SIMULATION][0m Task started: [97mSim config_158[0m
[2m20:54:23.729[0m [96m[INFO][0m [91m[MANAGER][0m Submitted 19 new simulation(s)
[2m20:54:23.764[0m [96m[INFO][0m [34m[SIMULATION][0m Task completed: [97mSim config_169[0m
[2m20:54:23.773[0m [90m[DEBUG][0m [37m[INFERENCESERVICE][0m [97m[InferenceService][0m [Client 0] Flushing 57 tasks
[2m20:54:23.926[0m [96m[INFO][0m [37m[RESOURCEMANAGER][0m [97m[ResourceManager][0m preempting 57 task(s) for task_id=config_84 wf=dummy_workflow type=simulation priority=8
[2m20:54:23.926[0m [96m[INFO][0m [37m[RESOURCEMANAGER][0m [97m[ResourceManager][0m   preempted: task_id=batch_153 wf=infern_workflow type=client_req priority=0 cpus=1 gpus=0.00125
[2m20:54:23.926[0m [96m[INFO][0m [37m[RESOURCEMANAGER][0m [97m[ResourceManager][0m   preempted: task_id=batch_154 wf=infern_workflow type=client_req priority=0 cpus=1 gpus=0.00125
[2m20:54:23.926[0m [96m[INFO][0m [37m[RESOURCEMANAGER][0m [97m[ResourceManager][0m   preempted: task_id=batch_155 wf=infern_workflow type=client_req priority=0 cpus=1 gpus=0.00125
[2m20:54:23.927[0m [96m[INFO][0m [37m[RESOURCEMANAGER][0m [97m[ResourceManager][0m   preempted: task_id=batch_156 wf=infern_workflow type=client_req priority=0 cpus=1 gpus=0.00125
[2m20:54:23.927[0m [96m[INFO][0m [37m[RESOURCEMANAGER][0m [97m[ResourceManager][0m   preempted: task_id=batch_157 wf=infern_workflow type=client_req priority=0 cpus=1 gpus=0.00125
[2m20:54:23.927[0m [96m[INFO][0m [37m[RESOURCEMANAGER][0m [97m[ResourceManager][0m   preempted: task_id=batch_158 wf=infern_workflow type=client_req priority=0 cpus=1 gpus=0.00125
[2m20:54:23.927[0m [96m[INFO][0m [37m[RESOURCEMANAGER][0m [97m[ResourceManager][0m   preempted: task_id=batch_159 wf=infern_workflow type=client_req priority=0 cpus=1 gpus=0.00125
[2m20:54:23.927[0m [96m[INFO][0m [37m[RESOURCEMANAGER][0m [97m[ResourceManager][0m   preempted: task_id=batch_160 wf=infern_workflow type=client_req priority=0 cpus=1 gpus=0.00125
[2m20:54:23.927[0m [96m[INFO][0m [37m[RESOURCEMANAGER][0m [97m[ResourceManager][0m   preempted: task_id=batch_161 wf=infern_workflow type=client_req priority=0 cpus=1 gpus=0.00125
[2m20:54:23.927[0m [96m[INFO][0m [37m[RESOURCEMANAGER][0m [97m[ResourceManager][0m   preempted: task_id=batch_162 wf=infern_workflow type=client_req priority=0 cpus=1 gpus=0.00125
[2m20:54:23.927[0m [96m[INFO][0m [37m[RESOURCEMANAGER][0m [97m[ResourceManager][0m   preempted: task_id=batch_163 wf=infern_workflow type=client_req priority=0 cpus=1 gpus=0.00125
[2m20:54:23.927[0m [96m[INFO][0m [37m[RESOURCEMANAGER][0m [97m[ResourceManager][0m   preempted: task_id=batch_164 wf=infern_workflow type=client_req priority=0 cpus=1 gpus=0.00125
[2m20:54:23.927[0m [96m[INFO][0m [37m[RESOURCEMANAGER][0m [97m[ResourceManager][0m   preempted: task_id=batch_165 wf=infern_workflow type=client_req priority=0 cpus=1 gpus=0.00125
[2m20:54:23.927[0m [96m[INFO][0m [37m[RESOURCEMANAGER][0m [97m[ResourceManager][0m   preempted: task_id=batch_166 wf=infern_workflow type=client_req priority=0 cpus=1 gpus=0.00125
[2m20:54:23.927[0m [96m[INFO][0m [37m[RESOURCEMANAGER][0m [97m[ResourceManager][0m   preempted: task_id=batch_167 wf=infern_workflow type=client_req priority=0 cpus=1 gpus=0.00125
[2m20:54:23.927[0m [96m[INFO][0m [37m[RESOURCEMANAGER][0m [97m[ResourceManager][0m   preempted: task_id=batch_168 wf=infern_workflow type=client_req priority=0 cpus=1 gpus=0.00125
[2m20:54:23.927[0m [96m[INFO][0m [37m[RESOURCEMANAGER][0m [97m[ResourceManager][0m   preempted: task_id=batch_169 wf=infern_workflow type=client_req priority=0 cpus=1 gpus=0.00125
[2m20:54:23.927[0m [96m[INFO][0m [37m[RESOURCEMANAGER][0m [97m[ResourceManager][0m   preempted: task_id=batch_170 wf=infern_workflow type=client_req priority=0 cpus=1 gpus=0.00125
[2m20:54:23.927[0m [96m[INFO][0m [37m[RESOURCEMANAGER][0m [97m[ResourceManager][0m   preempted: task_id=batch_171 wf=infern_workflow type=client_req priority=0 cpus=1 gpus=0.00125
[2m20:54:23.927[0m [96m[INFO][0m [37m[RESOURCEMANAGER][0m [97m[ResourceManager][0m   preempted: task_id=batch_172 wf=infern_workflow type=client_req priority=0 cpus=1 gpus=0.00125
[2m20:54:23.927[0m [96m[INFO][0m [37m[RESOURCEMANAGER][0m [97m[ResourceManager][0m   preempted: task_id=batch_173 wf=infern_workflow type=client_req priority=0 cpus=1 gpus=0.00125
[2m20:54:23.927[0m [96m[INFO][0m [37m[RESOURCEMANAGER][0m [97m[ResourceManager][0m   preempted: task_id=batch_174 wf=infern_workflow type=client_req priority=0 cpus=1 gpus=0.00125
[2m20:54:23.927[0m [96m[INFO][0m [37m[RESOURCEMANAGER][0m [97m[ResourceManager][0m   preempted: task_id=batch_175 wf=infern_workflow type=client_req priority=0 cpus=1 gpus=0.00125
[2m20:54:23.927[0m [96m[INFO][0m [37m[RESOURCEMANAGER][0m [97m[ResourceManager][0m   preempted: task_id=batch_176 wf=infern_workflow type=client_req priority=0 cpus=1 gpus=0.00125
[2m20:54:23.927[0m [96m[INFO][0m [37m[RESOURCEMANAGER][0m [97m[ResourceManager][0m   preempted: task_id=batch_177 wf=infern_workflow type=client_req priority=0 cpus=1 gpus=0.00125
[2m20:54:23.927[0m [96m[INFO][0m [37m[RESOURCEMANAGER][0m [97m[ResourceManager][0m   preempted: task_id=batch_178 wf=infern_workflow type=client_req priority=0 cpus=1 gpus=0.00125
[2m20:54:23.927[0m [96m[INFO][0m [37m[RESOURCEMANAGER][0m [97m[ResourceManager][0m   preempted: task_id=batch_179 wf=infern_workflow type=client_req priority=0 cpus=1 gpus=0.00125
[2m20:54:23.927[0m [96m[INFO][0m [37m[RESOURCEMANAGER][0m [97m[ResourceManager][0m   preempted: task_id=batch_180 wf=infern_workflow type=client_req priority=0 cpus=1 gpus=0.00125
[2m20:54:23.927[0m [96m[INFO][0m [37m[RESOURCEMANAGER][0m [97m[ResourceManager][0m   preempted: task_id=batch_181 wf=infern_workflow type=client_req priority=0 cpus=1 gpus=0.00125
[2m20:54:23.927[0m [96m[INFO][0m [37m[RESOURCEMANAGER][0m [97m[ResourceManager][0m   preempted: task_id=batch_182 wf=infern_workflow type=client_req priority=0 cpus=1 gpus=0.00125
[2m20:54:23.927[0m [96m[INFO][0m [37m[RESOURCEMANAGER][0m [97m[ResourceManager][0m   preempted: task_id=batch_183 wf=infern_workflow type=client_req priority=0 cpus=1 gpus=0.00125
[2m20:54:23.927[0m [96m[INFO][0m [37m[RESOURCEMANAGER][0m [97m[ResourceManager][0m   preempted: task_id=batch_184 wf=infern_workflow type=client_req priority=0 cpus=1 gpus=0.00125
[2m20:54:23.927[0m [96m[INFO][0m [37m[RESOURCEMANAGER][0m [97m[ResourceManager][0m   preempted: task_id=batch_185 wf=infern_workflow type=client_req priority=0 cpus=1 gpus=0.00125
[2m20:54:23.927[0m [96m[INFO][0m [37m[RESOURCEMANAGER][0m [97m[ResourceManager][0m   preempted: task_id=batch_186 wf=infern_workflow type=client_req priority=0 cpus=1 gpus=0.00125
[2m20:54:23.927[0m [96m[INFO][0m [37m[RESOURCEMANAGER][0m [97m[ResourceManager][0m   preempted: task_id=batch_187 wf=infern_workflow type=client_req priority=0 cpus=1 gpus=0.00125
[2m20:54:23.927[0m [96m[INFO][0m [37m[RESOURCEMANAGER][0m [97m[ResourceManager][0m   preempted: task_id=batch_188 wf=infern_workflow type=client_req priority=0 cpus=1 gpus=0.00125
[2m20:54:23.927[0m [96m[INFO][0m [37m[RESOURCEMANAGER][0m [97m[ResourceManager][0m   preempted: task_id=batch_189 wf=infern_workflow type=client_req priority=0 cpus=1 gpus=0.00125
[2m20:54:23.927[0m [96m[INFO][0m [37m[RESOURCEMANAGER][0m [97m[ResourceManager][0m   preempted: task_id=batch_190 wf=infern_workflow type=client_req priority=0 cpus=1 gpus=0.00125
[2m20:54:23.927[0m [96m[INFO][0m [37m[RESOURCEMANAGER][0m [97m[ResourceManager][0m   preempted: task_id=batch_191 wf=infern_workflow type=client_req priority=0 cpus=1 gpus=0.00125
[2m20:54:23.927[0m [96m[INFO][0m [37m[RESOURCEMANAGER][0m [97m[ResourceManager][0m   preempted: task_id=batch_192 wf=infern_workflow type=client_req priority=0 cpus=1 gpus=0.00125
[2m20:54:23.927[0m [96m[INFO][0m [37m[RESOURCEMANAGER][0m [97m[ResourceManager][0m   preempted: task_id=batch_193 wf=infern_workflow type=client_req priority=0 cpus=1 gpus=0.00125
[2m20:54:23.927[0m [96m[INFO][0m [37m[RESOURCEMANAGER][0m [97m[ResourceManager][0m   preempted: task_id=batch_194 wf=infern_workflow type=client_req priority=0 cpus=1 gpus=0.00125
[2m20:54:23.927[0m [96m[INFO][0m [37m[RESOURCEMANAGER][0m [97m[ResourceManager][0m   preempted: task_id=batch_195 wf=infern_workflow type=client_req priority=0 cpus=1 gpus=0.00125
[2m20:54:23.927[0m [96m[INFO][0m [37m[RESOURCEMANAGER][0m [97m[ResourceManager][0m   preempted: task_id=batch_196 wf=infern_workflow type=client_req priority=0 cpus=1 gpus=0.00125
[2m20:54:23.927[0m [96m[INFO][0m [37m[RESOURCEMANAGER][0m [97m[ResourceManager][0m   preempted: task_id=batch_197 wf=infern_workflow type=client_req priority=0 cpus=1 gpus=0.00125
[2m20:54:23.927[0m [96m[INFO][0m [37m[RESOURCEMANAGER][0m [97m[ResourceManager][0m   preempted: task_id=batch_198 wf=infern_workflow type=client_req priority=0 cpus=1 gpus=0.00125
[2m20:54:23.927[0m [96m[INFO][0m [37m[RESOURCEMANAGER][0m [97m[ResourceManager][0m   preempted: task_id=batch_199 wf=infern_workflow type=client_req priority=0 cpus=1 gpus=0.00125
[2m20:54:23.927[0m [96m[INFO][0m [37m[RESOURCEMANAGER][0m [97m[ResourceManager][0m   preempted: task_id=batch_200 wf=infern_workflow type=client_req priority=0 cpus=1 gpus=0.00125
[2m20:54:23.927[0m [96m[INFO][0m [37m[RESOURCEMANAGER][0m [97m[ResourceManager][0m   preempted: task_id=batch_201 wf=infern_workflow type=client_req priority=0 cpus=1 gpus=0.00125
[2m20:54:23.927[0m [96m[INFO][0m [37m[RESOURCEMANAGER][0m [97m[ResourceManager][0m   preempted: task_id=batch_202 wf=infern_workflow type=client_req priority=0 cpus=1 gpus=0.00125
[2m20:54:23.927[0m [96m[INFO][0m [37m[RESOURCEMANAGER][0m [97m[ResourceManager][0m   preempted: task_id=batch_203 wf=infern_workflow type=client_req priority=0 cpus=1 gpus=0.00125
[2m20:54:23.927[0m [96m[INFO][0m [37m[RESOURCEMANAGER][0m [97m[ResourceManager][0m   preempted: task_id=batch_204 wf=infern_workflow type=client_req priority=0 cpus=1 gpus=0.00125
[2m20:54:23.927[0m [96m[INFO][0m [37m[RESOURCEMANAGER][0m [97m[ResourceManager][0m   preempted: task_id=batch_205 wf=infern_workflow type=client_req priority=0 cpus=1 gpus=0.00125
[2m20:54:23.927[0m [96m[INFO][0m [37m[RESOURCEMANAGER][0m [97m[ResourceManager][0m   preempted: task_id=batch_206 wf=infern_workflow type=client_req priority=0 cpus=1 gpus=0.00125
[2m20:54:23.927[0m [96m[INFO][0m [37m[RESOURCEMANAGER][0m [97m[ResourceManager][0m   preempted: task_id=batch_207 wf=infern_workflow type=client_req priority=0 cpus=1 gpus=0.00125
[2m20:54:23.927[0m [96m[INFO][0m [37m[RESOURCEMANAGER][0m [97m[ResourceManager][0m   preempted: task_id=batch_208 wf=infern_workflow type=client_req priority=0 cpus=1 gpus=0.00125
[2m20:54:23.927[0m [96m[INFO][0m [37m[RESOURCEMANAGER][0m [97m[ResourceManager][0m   preempted: task_id=batch_209 wf=infern_workflow type=client_req priority=0 cpus=1 gpus=0.00125
[2m20:54:23.929[0m [96m[INFO][0m [34m[SIMULATION][0m Task started: [97mSim config_84[0m
[2m20:54:23.930[0m [93m[WARNING][0m [37m[INFERENCESERVICE][0m [97m[InferenceService][0m [Client 0] Preempted at task 0 — re-queuing 57 batch(es) for retry
[2m20:54:26.472[0m [96m[INFO][0m [95m[INFERENCE][0m Task started: [97mModel Inference[0m
[2m20:54:31.551[0m [96m[INFO][0m [34m[SIMULATION][0m Task completed: [97mSim config_129[0m
[2m20:54:31.553[0m [96m[INFO][0m [34m[SIMULATION][0m Task started: [97mSim config_68[0m
[2m20:54:31.615[0m [96m[INFO][0m [34m[SIMULATION][0m Task completed: [97mSim config_5[0m
[2m20:54:31.617[0m [96m[INFO][0m [34m[SIMULATION][0m Task completed: [97mSim config_1[0m
[2m20:54:31.617[0m [96m[INFO][0m [34m[SIMULATION][0m Task started: [97mSim config_79[0m
[2m20:54:31.617[0m [96m[INFO][0m [37m[RESOURCEMANAGER][0m [97m[ResourceManager][0m preempting 1 task(s) for task_id=config_97 wf=dummy_workflow type=simulation priority=8
[2m20:54:31.617[0m [96m[INFO][0m [37m[RESOURCEMANAGER][0m [97m[ResourceManager][0m   preempted: task_id=batch_210 wf=infern_workflow type=client_req priority=0 cpus=1 gpus=0.00125
[2m20:54:31.618[0m [90m[DEBUG][0m [37m[INFERENCESERVICE][0m [97m[InferenceService][0m [Client 0] Flushing 1 tasks
[2m20:54:31.619[0m [96m[INFO][0m [34m[SIMULATION][0m Task started: [97mSim config_97[0m
[2m20:54:31.619[0m [93m[WARNING][0m [37m[INFERENCESERVICE][0m [97m[InferenceService][0m [Client 0] Preempted at task 0 — re-queuing 1 batch(es) for retry
[2m20:54:39.446[0m [96m[INFO][0m [37m[INFERENCESERVICE][0m [97m[InferenceService][0m [service 0] | elapsed=356.67s | req/s=2.05 | tok/s=61648.29 | work_q=1 | active_workers=16/16 | 
[2m20:54:41.029[0m [96m[INFO][0m [95m[INFERENCE][0m Task completed: [97mModel Inference[0m
[2m20:54:41.030[0m [93m[WARNING][0m [34m[SIMULATION][0m Task killed: [97mSim config_114 permanently killed (prediction score 0.4955989080558164)[0m
[2m20:54:41.030[0m [93m[WARNING][0m [34m[SIMULATION][0m Task killed: [97mSim config_158 permanently killed (prediction score 0.4825925352616938)[0m
[2m20:54:41.030[0m [93m[WARNING][0m [34m[SIMULATION][0m Task killed: [97mSim config_84 permanently killed (prediction score 0.4947848738754412)[0m
[2m20:54:41.030[0m [93m[WARNING][0m [34m[SIMULATION][0m Task killed: [97mSim config_114 permanently killed[0m
[2m20:54:41.030[0m [93m[WARNING][0m [34m[SIMULATION][0m Task killed: [97mSim config_158 permanently killed[0m
[2m20:54:41.030[0m [93m[WARNING][0m [34m[SIMULATION][0m Task killed: [97mSim config_84 permanently killed[0m
Post-processing results... 109 205
[2m20:54:41.030[0m [96m[INFO][0m [34m[SIMULATION][0m Task started: [97mSim config_3[0m
[2m20:54:41.031[0m [96m[INFO][0m [34m[SIMULATION][0m Task started: [97mSim config_189[0m
[2m20:54:41.031[0m [96m[INFO][0m [37m[RESOURCEMANAGER][0m [97m[ResourceManager][0m preempting 2 task(s) for task_id=config_193 wf=dummy_workflow type=simulation priority=8
[2m20:54:41.031[0m [96m[INFO][0m [37m[RESOURCEMANAGER][0m [97m[ResourceManager][0m   preempted: task_id=batch_211 wf=infern_workflow type=client_req priority=0 cpus=1 gpus=0.00125
[2m20:54:41.031[0m [96m[INFO][0m [37m[RESOURCEMANAGER][0m [97m[ResourceManager][0m   preempted: task_id=batch_212 wf=infern_workflow type=client_req priority=0 cpus=1 gpus=0.00125
[2m20:54:41.031[0m [96m[INFO][0m [34m[SIMULATION][0m Task started: [97mSim config_193[0m
[2m20:54:42.031[0m [96m[INFO][0m [91m[MANAGER][0m 8 simulation(s) running...
[2m20:54:43.195[0m [96m[INFO][0m [34m[SIMULATION][0m Task completed: [97mSim config_188[0m
[2m20:54:43.201[0m [96m[INFO][0m [34m[SIMULATION][0m Task started: [97mSim config_69[0m
[2m20:54:43.691[0m [96m[INFO][0m [34m[SIMULATION][0m Task completed: [97mSim config_147[0m
[2m20:54:43.692[0m [96m[INFO][0m [34m[SIMULATION][0m Task started: [97mSim config_39[0m
[2m20:54:58.149[0m [96m[INFO][0m [34m[SIMULATION][0m Task completed: [97mSim config_68[0m
[2m20:54:58.150[0m [96m[INFO][0m [34m[SIMULATION][0m Task started: [97mSim config_8[0m
[2m20:54:58.330[0m [96m[INFO][0m [34m[SIMULATION][0m Task completed: [97mSim config_79[0m
[2m20:54:58.332[0m [96m[INFO][0m [34m[SIMULATION][0m Task started: [97mSim config_88[0m
[2m20:54:58.355[0m [96m[INFO][0m [34m[SIMULATION][0m Task completed: [97mSim config_97[0m
[2m20:54:58.357[0m [96m[INFO][0m [34m[SIMULATION][0m Task started: [97mSim config_150[0m
[2m20:54:59.448[0m [96m[INFO][0m [37m[INFERENCESERVICE][0m [97m[InferenceService][0m [service 0] | elapsed=376.67s | req/s=0.95 | tok/s=3244.58 | work_q=0 | active_workers=0/16 | 
[2m20:55:02.033[0m [96m[INFO][0m [95m[INFERENCE][0m Task started: [97mModel Inference[0m
[2m20:55:07.402[0m [96m[INFO][0m [34m[SIMULATION][0m Task completed: [97mSim config_3[0m
[2m20:55:07.403[0m [96m[INFO][0m [34m[SIMULATION][0m Task started: [97mSim config_172[0m
[2m20:55:07.451[0m [96m[INFO][0m [34m[SIMULATION][0m Task completed: [97mSim config_193[0m
[2m20:55:07.452[0m [96m[INFO][0m [34m[SIMULATION][0m Task started: [97mSim config_142[0m
[2m20:55:07.491[0m [96m[INFO][0m [34m[SIMULATION][0m Task completed: [97mSim config_189[0m
[2m20:55:07.492[0m [96m[INFO][0m [34m[SIMULATION][0m Task started: [97mSim config_80[0m
[2m20:55:09.059[0m [96m[INFO][0m [34m[SIMULATION][0m Task completed: [97mSim config_69[0m
[2m20:55:09.061[0m [96m[INFO][0m [34m[SIMULATION][0m Task started: [97mSim config_49[0m
[2m20:55:09.563[0m [96m[INFO][0m [34m[SIMULATION][0m Task completed: [97mSim config_39[0m
[2m20:55:09.565[0m [96m[INFO][0m [34m[SIMULATION][0m Task started: [97mSim config_48[0m
[2m20:55:15.157[0m [96m[INFO][0m [95m[INFERENCE][0m Task completed: [97mModel Inference[0m
[2m20:55:15.157[0m [93m[WARNING][0m [34m[SIMULATION][0m Task killed: [97mSim config_150 permanently killed (prediction score 0.43856770726559074)[0m
[2m20:55:15.157[0m [93m[WARNING][0m [34m[SIMULATION][0m Task killed: [97mSim config_88 permanently killed (prediction score 0.4973223406876036)[0m
[2m20:55:15.157[0m [93m[WARNING][0m [34m[SIMULATION][0m Task killed: [97mSim config_150 permanently killed[0m
[2m20:55:15.157[0m [93m[WARNING][0m [34m[SIMULATION][0m Task killed: [97mSim config_88 permanently killed[0m
Post-processing results... 121 205
[2m20:55:15.157[0m [96m[INFO][0m [34m[SIMULATION][0m Task started: [97mSim config_186[0m
[2m20:55:15.157[0m [96m[INFO][0m [91m[MANAGER][0m Submitted 18 new simulation(s)
[2m20:55:15.157[0m [90m[DEBUG][0m [37m[INFERENCESERVICE][0m [97m[InferenceService][0m [Client 0] Flushing 2 tasks
[2m20:55:15.158[0m [90m[DEBUG][0m [37m[INFERENCESERVICE][0m [97m[InferenceService][0m [Client 0] Flushing 1 tasks
[2m20:55:15.159[0m [93m[WARNING][0m [37m[INFERENCESERVICE][0m [97m[InferenceService][0m [Client 0] Preempted at task 0 — re-queuing 1 batch(es) for retry
[2m20:55:15.164[0m [90m[DEBUG][0m [37m[INFERENCESERVICE][0m [97m[InferenceService][0m [Client 0] Flushing 56 tasks
[2m20:55:15.310[0m [96m[INFO][0m [37m[RESOURCEMANAGER][0m [97m[ResourceManager][0m preempting 57 task(s) for task_id=config_192 wf=dummy_workflow type=simulation priority=8
[2m20:55:15.310[0m [96m[INFO][0m [37m[RESOURCEMANAGER][0m [97m[ResourceManager][0m   preempted: task_id=batch_213 wf=infern_workflow type=client_req priority=0 cpus=1 gpus=0.00125
[2m20:55:15.310[0m [96m[INFO][0m [37m[RESOURCEMANAGER][0m [97m[ResourceManager][0m   preempted: task_id=batch_214 wf=infern_workflow type=client_req priority=0 cpus=1 gpus=0.00125
[2m20:55:15.310[0m [96m[INFO][0m [37m[RESOURCEMANAGER][0m [97m[ResourceManager][0m   preempted: task_id=batch_215 wf=infern_workflow type=client_req priority=0 cpus=1 gpus=0.00125
[2m20:55:15.310[0m [96m[INFO][0m [37m[RESOURCEMANAGER][0m [97m[ResourceManager][0m   preempted: task_id=batch_216 wf=infern_workflow type=client_req priority=0 cpus=1 gpus=0.00125
[2m20:55:15.310[0m [96m[INFO][0m [37m[RESOURCEMANAGER][0m [97m[ResourceManager][0m   preempted: task_id=batch_217 wf=infern_workflow type=client_req priority=0 cpus=1 gpus=0.00125
[2m20:55:15.310[0m [96m[INFO][0m [37m[RESOURCEMANAGER][0m [97m[ResourceManager][0m   preempted: task_id=batch_218 wf=infern_workflow type=client_req priority=0 cpus=1 gpus=0.00125
[2m20:55:15.310[0m [96m[INFO][0m [37m[RESOURCEMANAGER][0m [97m[ResourceManager][0m   preempted: task_id=batch_219 wf=infern_workflow type=client_req priority=0 cpus=1 gpus=0.00125
[2m20:55:15.310[0m [96m[INFO][0m [37m[RESOURCEMANAGER][0m [97m[ResourceManager][0m   preempted: task_id=batch_220 wf=infern_workflow type=client_req priority=0 cpus=1 gpus=0.00125
[2m20:55:15.310[0m [96m[INFO][0m [37m[RESOURCEMANAGER][0m [97m[ResourceManager][0m   preempted: task_id=batch_221 wf=infern_workflow type=client_req priority=0 cpus=1 gpus=0.00125
[2m20:55:15.310[0m [96m[INFO][0m [37m[RESOURCEMANAGER][0m [97m[ResourceManager][0m   preempted: task_id=batch_222 wf=infern_workflow type=client_req priority=0 cpus=1 gpus=0.00125
[2m20:55:15.310[0m [96m[INFO][0m [37m[RESOURCEMANAGER][0m [97m[ResourceManager][0m   preempted: task_id=batch_223 wf=infern_workflow type=client_req priority=0 cpus=1 gpus=0.00125
[2m20:55:15.310[0m [96m[INFO][0m [37m[RESOURCEMANAGER][0m [97m[ResourceManager][0m   preempted: task_id=batch_224 wf=infern_workflow type=client_req priority=0 cpus=1 gpus=0.00125
[2m20:55:15.310[0m [96m[INFO][0m [37m[RESOURCEMANAGER][0m [97m[ResourceManager][0m   preempted: task_id=batch_225 wf=infern_workflow type=client_req priority=0 cpus=1 gpus=0.00125
[2m20:55:15.310[0m [96m[INFO][0m [37m[RESOURCEMANAGER][0m [97m[ResourceManager][0m   preempted: task_id=batch_226 wf=infern_workflow type=client_req priority=0 cpus=1 gpus=0.00125
[2m20:55:15.310[0m [96m[INFO][0m [37m[RESOURCEMANAGER][0m [97m[ResourceManager][0m   preempted: task_id=batch_227 wf=infern_workflow type=client_req priority=0 cpus=1 gpus=0.00125
[2m20:55:15.310[0m [96m[INFO][0m [37m[RESOURCEMANAGER][0m [97m[ResourceManager][0m   preempted: task_id=batch_228 wf=infern_workflow type=client_req priority=0 cpus=1 gpus=0.00125
[2m20:55:15.310[0m [96m[INFO][0m [37m[RESOURCEMANAGER][0m [97m[ResourceManager][0m   preempted: task_id=batch_229 wf=infern_workflow type=client_req priority=0 cpus=1 gpus=0.00125
[2m20:55:15.310[0m [96m[INFO][0m [37m[RESOURCEMANAGER][0m [97m[ResourceManager][0m   preempted: task_id=batch_230 wf=infern_workflow type=client_req priority=0 cpus=1 gpus=0.00125
[2m20:55:15.310[0m [96m[INFO][0m [37m[RESOURCEMANAGER][0m [97m[ResourceManager][0m   preempted: task_id=batch_231 wf=infern_workflow type=client_req priority=0 cpus=1 gpus=0.00125
[2m20:55:15.310[0m [96m[INFO][0m [37m[RESOURCEMANAGER][0m [97m[ResourceManager][0m   preempted: task_id=batch_232 wf=infern_workflow type=client_req priority=0 cpus=1 gpus=0.00125
[2m20:55:15.310[0m [96m[INFO][0m [37m[RESOURCEMANAGER][0m [97m[ResourceManager][0m   preempted: task_id=batch_233 wf=infern_workflow type=client_req priority=0 cpus=1 gpus=0.00125
[2m20:55:15.310[0m [96m[INFO][0m [37m[RESOURCEMANAGER][0m [97m[ResourceManager][0m   preempted: task_id=batch_234 wf=infern_workflow type=client_req priority=0 cpus=1 gpus=0.00125
[2m20:55:15.310[0m [96m[INFO][0m [37m[RESOURCEMANAGER][0m [97m[ResourceManager][0m   preempted: task_id=batch_235 wf=infern_workflow type=client_req priority=0 cpus=1 gpus=0.00125
[2m20:55:15.310[0m [96m[INFO][0m [37m[RESOURCEMANAGER][0m [97m[ResourceManager][0m   preempted: task_id=batch_236 wf=infern_workflow type=client_req priority=0 cpus=1 gpus=0.00125
[2m20:55:15.310[0m [96m[INFO][0m [37m[RESOURCEMANAGER][0m [97m[ResourceManager][0m   preempted: task_id=batch_237 wf=infern_workflow type=client_req priority=0 cpus=1 gpus=0.00125
[2m20:55:15.310[0m [96m[INFO][0m [37m[RESOURCEMANAGER][0m [97m[ResourceManager][0m   preempted: task_id=batch_238 wf=infern_workflow type=client_req priority=0 cpus=1 gpus=0.00125
[2m20:55:15.310[0m [96m[INFO][0m [37m[RESOURCEMANAGER][0m [97m[ResourceManager][0m   preempted: task_id=batch_239 wf=infern_workflow type=client_req priority=0 cpus=1 gpus=0.00125
[2m20:55:15.310[0m [96m[INFO][0m [37m[RESOURCEMANAGER][0m [97m[ResourceManager][0m   preempted: task_id=batch_240 wf=infern_workflow type=client_req priority=0 cpus=1 gpus=0.00125
[2m20:55:15.310[0m [96m[INFO][0m [37m[RESOURCEMANAGER][0m [97m[ResourceManager][0m   preempted: task_id=batch_241 wf=infern_workflow type=client_req priority=0 cpus=1 gpus=0.00125
[2m20:55:15.310[0m [96m[INFO][0m [37m[RESOURCEMANAGER][0m [97m[ResourceManager][0m   preempted: task_id=batch_242 wf=infern_workflow type=client_req priority=0 cpus=1 gpus=0.00125
[2m20:55:15.310[0m [96m[INFO][0m [37m[RESOURCEMANAGER][0m [97m[ResourceManager][0m   preempted: task_id=batch_243 wf=infern_workflow type=client_req priority=0 cpus=1 gpus=0.00125
[2m20:55:15.310[0m [96m[INFO][0m [37m[RESOURCEMANAGER][0m [97m[ResourceManager][0m   preempted: task_id=batch_244 wf=infern_workflow type=client_req priority=0 cpus=1 gpus=0.00125
[2m20:55:15.310[0m [96m[INFO][0m [37m[RESOURCEMANAGER][0m [97m[ResourceManager][0m   preempted: task_id=batch_245 wf=infern_workflow type=client_req priority=0 cpus=1 gpus=0.00125
[2m20:55:15.310[0m [96m[INFO][0m [37m[RESOURCEMANAGER][0m [97m[ResourceManager][0m   preempted: task_id=batch_246 wf=infern_workflow type=client_req priority=0 cpus=1 gpus=0.00125
[2m20:55:15.310[0m [96m[INFO][0m [37m[RESOURCEMANAGER][0m [97m[ResourceManager][0m   preempted: task_id=batch_247 wf=infern_workflow type=client_req priority=0 cpus=1 gpus=0.00125
[2m20:55:15.310[0m [96m[INFO][0m [37m[RESOURCEMANAGER][0m [97m[ResourceManager][0m   preempted: task_id=batch_248 wf=infern_workflow type=client_req priority=0 cpus=1 gpus=0.00125
[2m20:55:15.310[0m [96m[INFO][0m [37m[RESOURCEMANAGER][0m [97m[ResourceManager][0m   preempted: task_id=batch_249 wf=infern_workflow type=client_req priority=0 cpus=1 gpus=0.00125
[2m20:55:15.310[0m [96m[INFO][0m [37m[RESOURCEMANAGER][0m [97m[ResourceManager][0m   preempted: task_id=batch_250 wf=infern_workflow type=client_req priority=0 cpus=1 gpus=0.00125
[2m20:55:15.310[0m [96m[INFO][0m [37m[RESOURCEMANAGER][0m [97m[ResourceManager][0m   preempted: task_id=batch_251 wf=infern_workflow type=client_req priority=0 cpus=1 gpus=0.00125
[2m20:55:15.311[0m [96m[INFO][0m [37m[RESOURCEMANAGER][0m [97m[ResourceManager][0m   preempted: task_id=batch_252 wf=infern_workflow type=client_req priority=0 cpus=1 gpus=0.00125
[2m20:55:15.311[0m [96m[INFO][0m [37m[RESOURCEMANAGER][0m [97m[ResourceManager][0m   preempted: task_id=batch_253 wf=infern_workflow type=client_req priority=0 cpus=1 gpus=0.00125
[2m20:55:15.311[0m [96m[INFO][0m [37m[RESOURCEMANAGER][0m [97m[ResourceManager][0m   preempted: task_id=batch_254 wf=infern_workflow type=client_req priority=0 cpus=1 gpus=0.00125
[2m20:55:15.311[0m [96m[INFO][0m [37m[RESOURCEMANAGER][0m [97m[ResourceManager][0m   preempted: task_id=batch_255 wf=infern_workflow type=client_req priority=0 cpus=1 gpus=0.00125
[2m20:55:15.311[0m [96m[INFO][0m [37m[RESOURCEMANAGER][0m [97m[ResourceManager][0m   preempted: task_id=batch_256 wf=infern_workflow type=client_req priority=0 cpus=1 gpus=0.00125
[2m20:55:15.311[0m [96m[INFO][0m [37m[RESOURCEMANAGER][0m [97m[ResourceManager][0m   preempted: task_id=batch_257 wf=infern_workflow type=client_req priority=0 cpus=1 gpus=0.00125
[2m20:55:15.311[0m [96m[INFO][0m [37m[RESOURCEMANAGER][0m [97m[ResourceManager][0m   preempted: task_id=batch_258 wf=infern_workflow type=client_req priority=0 cpus=1 gpus=0.00125
[2m20:55:15.311[0m [96m[INFO][0m [37m[RESOURCEMANAGER][0m [97m[ResourceManager][0m   preempted: task_id=batch_259 wf=infern_workflow type=client_req priority=0 cpus=1 gpus=0.00125
[2m20:55:15.311[0m [96m[INFO][0m [37m[RESOURCEMANAGER][0m [97m[ResourceManager][0m   preempted: task_id=batch_260 wf=infern_workflow type=client_req priority=0 cpus=1 gpus=0.00125
[2m20:55:15.311[0m [96m[INFO][0m [37m[RESOURCEMANAGER][0m [97m[ResourceManager][0m   preempted: task_id=batch_261 wf=infern_workflow type=client_req priority=0 cpus=1 gpus=0.00125
[2m20:55:15.311[0m [96m[INFO][0m [37m[RESOURCEMANAGER][0m [97m[ResourceManager][0m   preempted: task_id=batch_262 wf=infern_workflow type=client_req priority=0 cpus=1 gpus=0.00125
[2m20:55:15.311[0m [96m[INFO][0m [37m[RESOURCEMANAGER][0m [97m[ResourceManager][0m   preempted: task_id=batch_263 wf=infern_workflow type=client_req priority=0 cpus=1 gpus=0.00125
[2m20:55:15.311[0m [96m[INFO][0m [37m[RESOURCEMANAGER][0m [97m[ResourceManager][0m   preempted: task_id=batch_264 wf=infern_workflow type=client_req priority=0 cpus=1 gpus=0.00125
[2m20:55:15.311[0m [96m[INFO][0m [37m[RESOURCEMANAGER][0m [97m[ResourceManager][0m   preempted: task_id=batch_265 wf=infern_workflow type=client_req priority=0 cpus=1 gpus=0.00125
[2m20:55:15.311[0m [96m[INFO][0m [37m[RESOURCEMANAGER][0m [97m[ResourceManager][0m   preempted: task_id=batch_266 wf=infern_workflow type=client_req priority=0 cpus=1 gpus=0.00125
[2m20:55:15.311[0m [96m[INFO][0m [37m[RESOURCEMANAGER][0m [97m[ResourceManager][0m   preempted: task_id=batch_267 wf=infern_workflow type=client_req priority=0 cpus=1 gpus=0.00125
[2m20:55:15.311[0m [96m[INFO][0m [37m[RESOURCEMANAGER][0m [97m[ResourceManager][0m   preempted: task_id=batch_268 wf=infern_workflow type=client_req priority=0 cpus=1 gpus=0.00125
[2m20:55:15.311[0m [96m[INFO][0m [37m[RESOURCEMANAGER][0m [97m[ResourceManager][0m   preempted: task_id=batch_269 wf=infern_workflow type=client_req priority=0 cpus=1 gpus=0.00125
[2m20:55:15.312[0m [96m[INFO][0m [34m[SIMULATION][0m Task started: [97mSim config_192[0m
[2m20:55:15.313[0m [93m[WARNING][0m [37m[INFERENCESERVICE][0m [97m[InferenceService][0m [Client 0] Preempted at task 0 — re-queuing 56 batch(es) for retry
[2m20:55:16.159[0m [96m[INFO][0m [91m[MANAGER][0m 8 simulation(s) running...
[2m20:55:19.472[0m [96m[INFO][0m [37m[INFERENCESERVICE][0m [97m[InferenceService][0m [service 0] | elapsed=396.70s | req/s=0.05 | tok/s=18365.19 | work_q=24 | active_workers=16/16 | 
[2m20:55:24.151[0m [96m[INFO][0m [34m[SIMULATION][0m Task completed: [97mSim config_8[0m
[2m20:55:24.153[0m [96m[INFO][0m [34m[SIMULATION][0m Task started: [97mSim config_180[0m
[2m20:55:33.415[0m [96m[INFO][0m [34m[SIMULATION][0m Task completed: [97mSim config_172[0m
[2m20:55:33.436[0m [96m[INFO][0m [34m[SIMULATION][0m Task started: [97mSim config_138[0m
[2m20:55:33.474[0m [96m[INFO][0m [34m[SIMULATION][0m Task completed: [97mSim config_142[0m
[2m20:55:33.475[0m [96m[INFO][0m [34m[SIMULATION][0m Task started: [97mSim config_199[0m
[2m20:55:33.521[0m [96m[INFO][0m [34m[SIMULATION][0m Task completed: [97mSim config_80[0m
[2m20:55:33.522[0m [96m[INFO][0m [34m[SIMULATION][0m Task started: [97mSim config_18[0m
[2m20:55:34.916[0m [96m[INFO][0m [34m[SIMULATION][0m Task completed: [97mSim config_49[0m
[2m20:55:34.918[0m [96m[INFO][0m [34m[SIMULATION][0m Task started: [97mSim config_76[0m
[2m20:55:35.457[0m [96m[INFO][0m [34m[SIMULATION][0m Task completed: [97mSim config_48[0m
[2m20:55:35.461[0m [96m[INFO][0m [34m[SIMULATION][0m Task started: [97mSim config_166[0m
[2m20:55:36.160[0m [96m[INFO][0m [95m[INFERENCE][0m Task started: [97mModel Inference[0m
[2m20:55:39.473[0m [96m[INFO][0m [37m[INFERENCESERVICE][0m [97m[InferenceService][0m [service 0] | elapsed=416.70s | req/s=2.80 | tok/s=43261.07 | work_q=0 | active_workers=0/16 | 
[2m20:55:41.319[0m [96m[INFO][0m [34m[SIMULATION][0m Task completed: [97mSim config_186[0m
[2m20:55:41.321[0m [96m[INFO][0m [34m[SIMULATION][0m Task started: [97mSim config_171[0m
[2m20:55:41.656[0m [96m[INFO][0m [34m[SIMULATION][0m Task completed: [97mSim config_192[0m
[2m20:55:41.657[0m [96m[INFO][0m [34m[SIMULATION][0m Task started: [97mSim config_133[0m
[2m20:55:49.446[0m [96m[INFO][0m [95m[INFERENCE][0m Task completed: [97mModel Inference[0m
[2m20:55:49.446[0m [93m[WARNING][0m [34m[SIMULATION][0m Task killed: [97mSim config_166 permanently killed (prediction score 0.4924196287767208)[0m
[2m20:55:49.446[0m [93m[WARNING][0m [34m[SIMULATION][0m Task killed: [97mSim config_199 permanently killed (prediction score 0.4823649161819263)[0m
[2m20:55:49.446[0m [93m[WARNING][0m [34m[SIMULATION][0m Task killed: [97mSim config_166 permanently killed[0m
[2m20:55:49.446[0m [93m[WARNING][0m [34m[SIMULATION][0m Task killed: [97mSim config_199 permanently killed[0m
Post-processing results... 131 205
[2m20:55:49.447[0m [96m[INFO][0m [34m[SIMULATION][0m Task started: [97mSim config_36[0m
[2m20:55:49.447[0m [96m[INFO][0m [37m[RESOURCEMANAGER][0m [97m[ResourceManager][0m preempting 1 task(s) for task_id=config_176 wf=dummy_workflow type=simulation priority=8
[2m20:55:49.447[0m [96m[INFO][0m [37m[RESOURCEMANAGER][0m [97m[ResourceManager][0m   preempted: task_id=batch_270 wf=infern_workflow type=client_req priority=0 cpus=1 gpus=0.00125
[2m20:55:49.447[0m [96m[INFO][0m [34m[SIMULATION][0m Task started: [97mSim config_176[0m
[2m20:55:50.358[0m [96m[INFO][0m [34m[SIMULATION][0m Task completed: [97mSim config_180[0m
[2m20:55:50.359[0m [96m[INFO][0m [34m[SIMULATION][0m Task started: [97mSim config_128[0m
[2m20:55:50.447[0m [96m[INFO][0m [91m[MANAGER][0m 8 simulation(s) running...
[2m20:55:59.468[0m [96m[INFO][0m [34m[SIMULATION][0m Task completed: [97mSim config_138[0m
[2m20:55:59.469[0m [96m[INFO][0m [34m[SIMULATION][0m Task started: [97mSim config_44[0m
[2m20:55:59.474[0m [96m[INFO][0m [37m[INFERENCESERVICE][0m [97m[InferenceService][0m [service 0] | elapsed=436.70s | req/s=0.05 | tok/s=1081.57 | work_q=0 | active_workers=0/16 | 
[2m20:55:59.575[0m [96m[INFO][0m [34m[SIMULATION][0m Task completed: [97mSim config_18[0m
[2m20:55:59.576[0m [96m[INFO][0m [34m[SIMULATION][0m Task started: [97mSim config_162[0m
[2m20:56:00.779[0m [96m[INFO][0m [34m[SIMULATION][0m Task completed: [97mSim config_76[0m
[2m20:56:00.780[0m [96m[INFO][0m [34m[SIMULATION][0m Task started: [97mSim config_65[0m
[2m20:56:07.213[0m [96m[INFO][0m [34m[SIMULATION][0m Task completed: [97mSim config_171[0m
[2m20:56:07.217[0m [96m[INFO][0m [34m[SIMULATION][0m Task started: [97mSim config_71[0m
[2m20:56:07.538[0m [96m[INFO][0m [34m[SIMULATION][0m Task completed: [97mSim config_133[0m
[2m20:56:07.539[0m [96m[INFO][0m [34m[SIMULATION][0m Task started: [97mSim config_6[0m
[2m20:56:10.449[0m [96m[INFO][0m [95m[INFERENCE][0m Task started: [97mModel Inference[0m
[2m20:56:15.397[0m [96m[INFO][0m [34m[SIMULATION][0m Task completed: [97mSim config_36[0m
[2m20:56:15.399[0m [96m[INFO][0m [34m[SIMULATION][0m Task started: [97mSim config_46[0m
[2m20:56:15.399[0m [96m[INFO][0m [91m[MANAGER][0m Submitted 18 new simulation(s)
[2m20:56:15.495[0m [96m[INFO][0m [34m[SIMULATION][0m Task completed: [97mSim config_176[0m
[2m20:56:15.497[0m [90m[DEBUG][0m [37m[INFERENCESERVICE][0m [97m[InferenceService][0m [Client 0] Flushing 1 tasks
[2m20:56:15.497[0m [90m[DEBUG][0m [37m[INFERENCESERVICE][0m [97m[InferenceService][0m [Client 0] Flushing 1 tasks
[2m20:56:15.497[0m [93m[WARNING][0m [37m[INFERENCESERVICE][0m [97m[InferenceService][0m [Client 0] Preempted at task 0 — re-queuing 1 batch(es) for retry
[2m20:56:15.500[0m [96m[INFO][0m [37m[RESOURCEMANAGER][0m [97m[ResourceManager][0m preempting 4 task(s) for task_id=config_92 wf=dummy_workflow type=simulation priority=8
[2m20:56:15.500[0m [96m[INFO][0m [37m[RESOURCEMANAGER][0m [97m[ResourceManager][0m   preempted: task_id=batch_271 wf=infern_workflow type=client_req priority=0 cpus=1 gpus=0.00125
[2m20:56:15.500[0m [96m[INFO][0m [37m[RESOURCEMANAGER][0m [97m[ResourceManager][0m   preempted: task_id=batch_272 wf=infern_workflow type=client_req priority=0 cpus=1 gpus=0.00125
[2m20:56:15.500[0m [96m[INFO][0m [37m[RESOURCEMANAGER][0m [97m[ResourceManager][0m   preempted: task_id=batch_273 wf=infern_workflow type=client_req priority=0 cpus=1 gpus=0.00125
[2m20:56:15.500[0m [96m[INFO][0m [37m[RESOURCEMANAGER][0m [97m[ResourceManager][0m   preempted: task_id=batch_274 wf=infern_workflow type=client_req priority=0 cpus=1 gpus=0.00125
[2m20:56:15.500[0m [96m[INFO][0m [34m[SIMULATION][0m Task started: [97mSim config_92[0m
[2m20:56:16.201[0m [96m[INFO][0m [34m[SIMULATION][0m Task completed: [97mSim config_128[0m
[2m20:56:16.202[0m [96m[INFO][0m [34m[SIMULATION][0m Task started: [97mSim config_121[0m
[2m20:56:19.475[0m [96m[INFO][0m [37m[INFERENCESERVICE][0m [97m[InferenceService][0m [service 0] | elapsed=456.70s | req/s=0.20 | tok/s=4326.22 | work_q=0 | active_workers=0/16 | 
[2m20:56:23.882[0m [96m[INFO][0m [95m[INFERENCE][0m Task completed: [97mModel Inference[0m
[2m20:56:23.882[0m [93m[WARNING][0m [34m[SIMULATION][0m Task killed: [97mSim config_162 permanently killed (prediction score 0.49429360732053623)[0m
[2m20:56:23.882[0m [93m[WARNING][0m [34m[SIMULATION][0m Task killed: [97mSim config_71 permanently killed (prediction score 0.4909493510810432)[0m
[2m20:56:23.883[0m [93m[WARNING][0m [34m[SIMULATION][0m Task killed: [97mSim config_162 permanently killed[0m
[2m20:56:23.883[0m [93m[WARNING][0m [34m[SIMULATION][0m Task killed: [97mSim config_71 permanently killed[0m
Post-processing results... 142 205
[2m20:56:23.883[0m [96m[INFO][0m [34m[SIMULATION][0m Task started: [97mSim config_141[0m
[2m20:56:23.883[0m [96m[INFO][0m [37m[RESOURCEMANAGER][0m [97m[ResourceManager][0m preempting 1 task(s) for task_id=config_119 wf=dummy_workflow type=simulation priority=8
[2m20:56:23.883[0m [96m[INFO][0m [37m[RESOURCEMANAGER][0m [97m[ResourceManager][0m   preempted: task_id=batch_275 wf=infern_workflow type=client_req priority=0 cpus=1 gpus=0.00125
[2m20:56:23.883[0m [90m[DEBUG][0m [37m[INFERENCESERVICE][0m [97m[InferenceService][0m [Client 0] Flushing 3 tasks
[2m20:56:23.883[0m [96m[INFO][0m [34m[SIMULATION][0m Task started: [97mSim config_119[0m
[2m20:56:23.885[0m [90m[DEBUG][0m [37m[INFERENCESERVICE][0m [97m[InferenceService][0m [Client 0] Flushing 1 tasks
[2m20:56:23.885[0m [93m[WARNING][0m [37m[INFERENCESERVICE][0m [97m[InferenceService][0m [Client 0] Preempted at task 0 — re-queuing 1 batch(es) for retry
[2m20:56:24.884[0m [96m[INFO][0m [91m[MANAGER][0m 8 simulation(s) running...
[2m20:56:25.392[0m [96m[INFO][0m [34m[SIMULATION][0m Task completed: [97mSim config_44[0m
[2m20:56:25.394[0m [96m[INFO][0m [34m[SIMULATION][0m Task started: [97mSim config_124[0m
[2m20:56:26.619[0m [96m[INFO][0m [34m[SIMULATION][0m Task completed: [97mSim config_65[0m
[2m20:56:26.620[0m [96m[INFO][0m [34m[SIMULATION][0m Task started: [97mSim config_173[0m
[2m20:56:33.414[0m [96m[INFO][0m [34m[SIMULATION][0m Task completed: [97mSim config_6[0m
[2m20:56:33.415[0m [96m[INFO][0m [34m[SIMULATION][0m Task started: [97mSim config_156[0m
[2m20:56:39.475[0m [96m[INFO][0m [37m[INFERENCESERVICE][0m [97m[InferenceService][0m [service 0] | elapsed=476.70s | req/s=0.05 | tok/s=1081.56 | work_q=0 | active_workers=0/16 | 
[2m20:56:41.406[0m [96m[INFO][0m [34m[SIMULATION][0m Task completed: [97mSim config_46[0m
[2m20:56:41.409[0m [96m[INFO][0m [34m[SIMULATION][0m Task started: [97mSim config_161[0m
[2m20:56:41.595[0m [96m[INFO][0m [34m[SIMULATION][0m Task completed: [97mSim config_92[0m
[2m20:56:41.596[0m [96m[INFO][0m [34m[SIMULATION][0m Task started: [97mSim config_2[0m
[2m20:56:42.213[0m [96m[INFO][0m [34m[SIMULATION][0m Task completed: [97mSim config_121[0m
[2m20:56:42.215[0m [96m[INFO][0m [34m[SIMULATION][0m Task started: [97mSim config_135[0m
[2m20:56:44.886[0m [96m[INFO][0m [95m[INFERENCE][0m Task started: [97mModel Inference[0m
[2m20:56:49.845[0m [96m[INFO][0m [34m[SIMULATION][0m Task completed: [97mSim config_141[0m
[2m20:56:49.846[0m [96m[INFO][0m [34m[SIMULATION][0m Task started: [97mSim config_184[0m
[2m20:56:49.890[0m [96m[INFO][0m [34m[SIMULATION][0m Task completed: [97mSim config_119[0m
[2m20:56:49.891[0m [96m[INFO][0m [34m[SIMULATION][0m Task started: [97mSim config_78[0m
[2m20:56:51.238[0m [96m[INFO][0m [34m[SIMULATION][0m Task completed: [97mSim config_124[0m
[2m20:56:51.239[0m [96m[INFO][0m [34m[SIMULATION][0m Task started: [97mSim config_40[0m
[2m20:56:52.439[0m [96m[INFO][0m [34m[SIMULATION][0m Task completed: [97mSim config_173[0m
[2m20:56:52.440[0m [96m[INFO][0m [34m[SIMULATION][0m Task started: [97mSim config_62[0m
[2m20:56:58.460[0m [96m[INFO][0m [95m[INFERENCE][0m Task completed: [97mModel Inference[0m
[2m20:56:58.460[0m [93m[WARNING][0m [34m[SIMULATION][0m Task killed: [97mSim config_135 permanently killed (prediction score 0.4985741058685015)[0m
[2m20:56:58.460[0m [93m[WARNING][0m [34m[SIMULATION][0m Task killed: [97mSim config_161 permanently killed (prediction score 0.4838768302773417)[0m
[2m20:56:58.460[0m [93m[WARNING][0m [34m[SIMULATION][0m Task killed: [97mSim config_2 permanently killed (prediction score 0.47492522327771536)[0m
[2m20:56:58.460[0m [93m[WARNING][0m [34m[SIMULATION][0m Task killed: [97mSim config_135 permanently killed[0m
[2m20:56:58.460[0m [93m[WARNING][0m [34m[SIMULATION][0m Task killed: [97mSim config_161 permanently killed[0m
[2m20:56:58.460[0m [93m[WARNING][0m [34m[SIMULATION][0m Task killed: [97mSim config_2 permanently killed[0m
Post-processing results... 155 205
[2m20:56:58.460[0m [96m[INFO][0m [34m[SIMULATION][0m Task started: [97mSim config_9[0m
[2m20:56:58.461[0m [96m[INFO][0m [34m[SIMULATION][0m Task started: [97mSim config_25[0m
[2m20:56:58.461[0m [96m[INFO][0m [37m[RESOURCEMANAGER][0m [97m[ResourceManager][0m preempting 2 task(s) for task_id=config_20 wf=dummy_workflow type=simulation priority=8
[2m20:56:58.461[0m [96m[INFO][0m [37m[RESOURCEMANAGER][0m [97m[ResourceManager][0m   preempted: task_id=batch_276 wf=infern_workflow type=client_req priority=0 cpus=1 gpus=0.00125
[2m20:56:58.461[0m [96m[INFO][0m [37m[RESOURCEMANAGER][0m [97m[ResourceManager][0m   preempted: task_id=batch_277 wf=infern_workflow type=client_req priority=0 cpus=1 gpus=0.00125
[2m20:56:58.461[0m [96m[INFO][0m [34m[SIMULATION][0m Task started: [97mSim config_20[0m
[2m20:56:59.273[0m [96m[INFO][0m [34m[SIMULATION][0m Task completed: [97mSim config_156[0m
[2m20:56:59.274[0m [96m[INFO][0m [34m[SIMULATION][0m Task started: [97mSim config_107[0m
[2m20:56:59.275[0m [96m[INFO][0m [91m[MANAGER][0m Submitted 18 new simulation(s)
[2m20:56:59.461[0m [96m[INFO][0m [91m[MANAGER][0m 8 simulation(s) running...
[2m20:56:59.476[0m [96m[INFO][0m [37m[INFERENCESERVICE][0m [97m[InferenceService][0m [service 0] | elapsed=496.70s | req/s=0.00 | tok/s=2163.09 | work_q=0 | active_workers=2/16 | 
[2m20:57:15.784[0m [96m[INFO][0m [34m[SIMULATION][0m Task completed: [97mSim config_184[0m
[2m20:57:15.786[0m [96m[INFO][0m [34m[SIMULATION][0m Task started: [97mSim config_7[0m
[2m20:57:15.841[0m [96m[INFO][0m [34m[SIMULATION][0m Task completed: [97mSim config_78[0m
[2m20:57:15.842[0m [96m[INFO][0m [34m[SIMULATION][0m Task started: [97mSim config_4[0m
[2m20:57:17.067[0m [96m[INFO][0m [34m[SIMULATION][0m Task completed: [97mSim config_40[0m
[2m20:57:17.068[0m [96m[INFO][0m [34m[SIMULATION][0m Task started: [97mSim config_164[0m
[2m20:57:18.254[0m [96m[INFO][0m [34m[SIMULATION][0m Task completed: [97mSim config_62[0m
[2m20:57:18.255[0m [96m[INFO][0m [34m[SIMULATION][0m Task started: [97mSim config_30[0m
[2m20:57:19.462[0m [96m[INFO][0m [95m[INFERENCE][0m Task started: [97mModel Inference[0m
[2m20:57:19.477[0m [96m[INFO][0m [37m[INFERENCESERVICE][0m [97m[InferenceService][0m [service 0] | elapsed=516.70s | req/s=0.10 | tok/s=0.00 | work_q=0 | active_workers=0/16 | 
[2m20:57:24.501[0m [96m[INFO][0m [34m[SIMULATION][0m Task completed: [97mSim config_25[0m
[2m20:57:24.502[0m [96m[INFO][0m [34m[SIMULATION][0m Task started: [97mSim config_74[0m
[2m20:57:24.616[0m [96m[INFO][0m [34m[SIMULATION][0m Task completed: [97mSim config_9[0m
[2m20:57:24.617[0m [96m[INFO][0m [34m[SIMULATION][0m Task started: [97mSim config_55[0m
[2m20:57:24.645[0m [96m[INFO][0m [34m[SIMULATION][0m Task completed: [97mSim config_20[0m
[2m20:57:24.648[0m [96m[INFO][0m [34m[SIMULATION][0m Task started: [97mSim config_168[0m
[2m20:57:25.339[0m [96m[INFO][0m [34m[SIMULATION][0m Task completed: [97mSim config_107[0m
[2m20:57:25.341[0m [96m[INFO][0m [34m[SIMULATION][0m Task started: [97mSim config_70[0m
[2m20:57:33.297[0m [96m[INFO][0m [95m[INFERENCE][0m Task completed: [97mModel Inference[0m
[2m20:57:33.297[0m [93m[WARNING][0m [34m[SIMULATION][0m Task killed: [97mSim config_30 permanently killed (prediction score 0.4843071785578627)[0m
[2m20:57:33.297[0m [93m[WARNING][0m [34m[SIMULATION][0m Task killed: [97mSim config_7 permanently killed (prediction score 0.47246908838179424)[0m
[2m20:57:33.297[0m [93m[WARNING][0m [34m[SIMULATION][0m Task killed: [97mSim config_30 permanently killed[0m
[2m20:57:33.297[0m [93m[WARNING][0m [34m[SIMULATION][0m Task killed: [97mSim config_7 permanently killed[0m
Post-processing results... 166 205
[2m20:57:33.297[0m [96m[INFO][0m [34m[SIMULATION][0m Task started: [97mSim config_95[0m
[2m20:57:33.297[0m [96m[INFO][0m [37m[RESOURCEMANAGER][0m [97m[ResourceManager][0m preempting 1 task(s) for task_id=config_85 wf=dummy_workflow type=simulation priority=8
[2m20:57:33.298[0m [96m[INFO][0m [37m[RESOURCEMANAGER][0m [97m[ResourceManager][0m   preempted: task_id=batch_278 wf=infern_workflow type=client_req priority=0 cpus=1 gpus=0.00125
[2m20:57:33.298[0m [90m[DEBUG][0m [37m[INFERENCESERVICE][0m [97m[InferenceService][0m [Client 0] Flushing 2 tasks
[2m20:57:33.298[0m [96m[INFO][0m [34m[SIMULATION][0m Task started: [97mSim config_85[0m
[2m20:57:33.298[0m [90m[DEBUG][0m [37m[INFERENCESERVICE][0m [97m[InferenceService][0m [Client 0] Flushing 1 tasks
[2m20:57:33.300[0m [93m[WARNING][0m [37m[INFERENCESERVICE][0m [97m[InferenceService][0m [Client 0] Preempted at task 0 — re-queuing 1 batch(es) for retry
[2m20:57:34.299[0m [96m[INFO][0m [91m[MANAGER][0m 8 simulation(s) running...
[2m20:57:39.478[0m [96m[INFO][0m [37m[INFERENCESERVICE][0m [97m[InferenceService][0m [service 0] | elapsed=536.70s | req/s=0.05 | tok/s=1081.56 | work_q=0 | active_workers=0/16 | 
[2m20:57:41.765[0m [96m[INFO][0m [34m[SIMULATION][0m Task completed: [97mSim config_4[0m
[2m20:57:41.767[0m [96m[INFO][0m [34m[SIMULATION][0m Task started: [97mSim config_144[0m
[2m20:57:42.905[0m [96m[INFO][0m [34m[SIMULATION][0m Task completed: [97mSim config_164[0m
[2m20:57:42.907[0m [96m[INFO][0m [34m[SIMULATION][0m Task started: [97mSim config_140[0m
[2m20:57:50.534[0m [96m[INFO][0m [34m[SIMULATION][0m Task completed: [97mSim config_74[0m
[2m20:57:50.535[0m [96m[INFO][0m [34m[SIMULATION][0m Task started: [97mSim config_98[0m
[2m20:57:50.733[0m [96m[INFO][0m [34m[SIMULATION][0m Task completed: [97mSim config_55[0m
[2m20:57:50.734[0m [96m[INFO][0m [34m[SIMULATION][0m Task started: [97mSim config_178[0m
[2m20:57:50.808[0m [96m[INFO][0m [34m[SIMULATION][0m Task completed: [97mSim config_168[0m
[2m20:57:50.809[0m [96m[INFO][0m [34m[SIMULATION][0m Task started: [97mSim config_43[0m
[2m20:57:51.353[0m [96m[INFO][0m [34m[SIMULATION][0m Task completed: [97mSim config_70[0m
[2m20:57:51.354[0m [96m[INFO][0m [34m[SIMULATION][0m Task started: [97mSim config_26[0m
[2m20:57:54.301[0m [96m[INFO][0m [95m[INFERENCE][0m Task started: [97mModel Inference[0m
[2m20:57:59.253[0m [96m[INFO][0m [34m[SIMULATION][0m Task completed: [97mSim config_95[0m
[2m20:57:59.253[0m [96m[INFO][0m [34m[SIMULATION][0m Task started: [97mSim config_21[0m
[2m20:57:59.253[0m [96m[INFO][0m [91m[MANAGER][0m Submitted 17 new simulation(s)
[2m20:57:59.266[0m [96m[INFO][0m [34m[SIMULATION][0m Task completed: [97mSim config_85[0m
[2m20:57:59.276[0m [90m[DEBUG][0m [37m[INFERENCESERVICE][0m [97m[InferenceService][0m [Client 0] Flushing 56 tasks
[2m20:57:59.417[0m [96m[INFO][0m [37m[RESOURCEMANAGER][0m [97m[ResourceManager][0m preempting 56 task(s) for task_id=config_183 wf=dummy_workflow type=simulation priority=8
[2m20:57:59.417[0m [96m[INFO][0m [37m[RESOURCEMANAGER][0m [97m[ResourceManager][0m   preempted: task_id=batch_279 wf=infern_workflow type=client_req priority=0 cpus=1 gpus=0.00125
[2m20:57:59.417[0m [96m[INFO][0m [37m[RESOURCEMANAGER][0m [97m[ResourceManager][0m   preempted: task_id=batch_280 wf=infern_workflow type=client_req priority=0 cpus=1 gpus=0.00125
[2m20:57:59.417[0m [96m[INFO][0m [37m[RESOURCEMANAGER][0m [97m[ResourceManager][0m   preempted: task_id=batch_281 wf=infern_workflow type=client_req priority=0 cpus=1 gpus=0.00125
[2m20:57:59.417[0m [96m[INFO][0m [37m[RESOURCEMANAGER][0m [97m[ResourceManager][0m   preempted: task_id=batch_282 wf=infern_workflow type=client_req priority=0 cpus=1 gpus=0.00125
[2m20:57:59.417[0m [96m[INFO][0m [37m[RESOURCEMANAGER][0m [97m[ResourceManager][0m   preempted: task_id=batch_283 wf=infern_workflow type=client_req priority=0 cpus=1 gpus=0.00125
[2m20:57:59.417[0m [96m[INFO][0m [37m[RESOURCEMANAGER][0m [97m[ResourceManager][0m   preempted: task_id=batch_284 wf=infern_workflow type=client_req priority=0 cpus=1 gpus=0.00125
[2m20:57:59.418[0m [96m[INFO][0m [37m[RESOURCEMANAGER][0m [97m[ResourceManager][0m   preempted: task_id=batch_285 wf=infern_workflow type=client_req priority=0 cpus=1 gpus=0.00125
[2m20:57:59.418[0m [96m[INFO][0m [37m[RESOURCEMANAGER][0m [97m[ResourceManager][0m   preempted: task_id=batch_286 wf=infern_workflow type=client_req priority=0 cpus=1 gpus=0.00125
[2m20:57:59.418[0m [96m[INFO][0m [37m[RESOURCEMANAGER][0m [97m[ResourceManager][0m   preempted: task_id=batch_287 wf=infern_workflow type=client_req priority=0 cpus=1 gpus=0.00125
[2m20:57:59.418[0m [96m[INFO][0m [37m[RESOURCEMANAGER][0m [97m[ResourceManager][0m   preempted: task_id=batch_288 wf=infern_workflow type=client_req priority=0 cpus=1 gpus=0.00125
[2m20:57:59.418[0m [96m[INFO][0m [37m[RESOURCEMANAGER][0m [97m[ResourceManager][0m   preempted: task_id=batch_289 wf=infern_workflow type=client_req priority=0 cpus=1 gpus=0.00125
[2m20:57:59.418[0m [96m[INFO][0m [37m[RESOURCEMANAGER][0m [97m[ResourceManager][0m   preempted: task_id=batch_290 wf=infern_workflow type=client_req priority=0 cpus=1 gpus=0.00125
[2m20:57:59.418[0m [96m[INFO][0m [37m[RESOURCEMANAGER][0m [97m[ResourceManager][0m   preempted: task_id=batch_291 wf=infern_workflow type=client_req priority=0 cpus=1 gpus=0.00125
[2m20:57:59.418[0m [96m[INFO][0m [37m[RESOURCEMANAGER][0m [97m[ResourceManager][0m   preempted: task_id=batch_292 wf=infern_workflow type=client_req priority=0 cpus=1 gpus=0.00125
[2m20:57:59.418[0m [96m[INFO][0m [37m[RESOURCEMANAGER][0m [97m[ResourceManager][0m   preempted: task_id=batch_293 wf=infern_workflow type=client_req priority=0 cpus=1 gpus=0.00125
[2m20:57:59.418[0m [96m[INFO][0m [37m[RESOURCEMANAGER][0m [97m[ResourceManager][0m   preempted: task_id=batch_294 wf=infern_workflow type=client_req priority=0 cpus=1 gpus=0.00125
[2m20:57:59.418[0m [96m[INFO][0m [37m[RESOURCEMANAGER][0m [97m[ResourceManager][0m   preempted: task_id=batch_295 wf=infern_workflow type=client_req priority=0 cpus=1 gpus=0.00125
[2m20:57:59.418[0m [96m[INFO][0m [37m[RESOURCEMANAGER][0m [97m[ResourceManager][0m   preempted: task_id=batch_296 wf=infern_workflow type=client_req priority=0 cpus=1 gpus=0.00125
[2m20:57:59.418[0m [96m[INFO][0m [37m[RESOURCEMANAGER][0m [97m[ResourceManager][0m   preempted: task_id=batch_297 wf=infern_workflow type=client_req priority=0 cpus=1 gpus=0.00125
[2m20:57:59.418[0m [96m[INFO][0m [37m[RESOURCEMANAGER][0m [97m[ResourceManager][0m   preempted: task_id=batch_298 wf=infern_workflow type=client_req priority=0 cpus=1 gpus=0.00125
[2m20:57:59.418[0m [96m[INFO][0m [37m[RESOURCEMANAGER][0m [97m[ResourceManager][0m   preempted: task_id=batch_299 wf=infern_workflow type=client_req priority=0 cpus=1 gpus=0.00125
[2m20:57:59.418[0m [96m[INFO][0m [37m[RESOURCEMANAGER][0m [97m[ResourceManager][0m   preempted: task_id=batch_300 wf=infern_workflow type=client_req priority=0 cpus=1 gpus=0.00125
[2m20:57:59.418[0m [96m[INFO][0m [37m[RESOURCEMANAGER][0m [97m[ResourceManager][0m   preempted: task_id=batch_301 wf=infern_workflow type=client_req priority=0 cpus=1 gpus=0.00125
[2m20:57:59.418[0m [96m[INFO][0m [37m[RESOURCEMANAGER][0m [97m[ResourceManager][0m   preempted: task_id=batch_302 wf=infern_workflow type=client_req priority=0 cpus=1 gpus=0.00125
[2m20:57:59.418[0m [96m[INFO][0m [37m[RESOURCEMANAGER][0m [97m[ResourceManager][0m   preempted: task_id=batch_303 wf=infern_workflow type=client_req priority=0 cpus=1 gpus=0.00125
[2m20:57:59.418[0m [96m[INFO][0m [37m[RESOURCEMANAGER][0m [97m[ResourceManager][0m   preempted: task_id=batch_304 wf=infern_workflow type=client_req priority=0 cpus=1 gpus=0.00125
[2m20:57:59.418[0m [96m[INFO][0m [37m[RESOURCEMANAGER][0m [97m[ResourceManager][0m   preempted: task_id=batch_305 wf=infern_workflow type=client_req priority=0 cpus=1 gpus=0.00125
[2m20:57:59.418[0m [96m[INFO][0m [37m[RESOURCEMANAGER][0m [97m[ResourceManager][0m   preempted: task_id=batch_306 wf=infern_workflow type=client_req priority=0 cpus=1 gpus=0.00125
[2m20:57:59.418[0m [96m[INFO][0m [37m[RESOURCEMANAGER][0m [97m[ResourceManager][0m   preempted: task_id=batch_307 wf=infern_workflow type=client_req priority=0 cpus=1 gpus=0.00125
[2m20:57:59.418[0m [96m[INFO][0m [37m[RESOURCEMANAGER][0m [97m[ResourceManager][0m   preempted: task_id=batch_308 wf=infern_workflow type=client_req priority=0 cpus=1 gpus=0.00125
[2m20:57:59.418[0m [96m[INFO][0m [37m[RESOURCEMANAGER][0m [97m[ResourceManager][0m   preempted: task_id=batch_309 wf=infern_workflow type=client_req priority=0 cpus=1 gpus=0.00125
[2m20:57:59.418[0m [96m[INFO][0m [37m[RESOURCEMANAGER][0m [97m[ResourceManager][0m   preempted: task_id=batch_310 wf=infern_workflow type=client_req priority=0 cpus=1 gpus=0.00125
[2m20:57:59.418[0m [96m[INFO][0m [37m[RESOURCEMANAGER][0m [97m[ResourceManager][0m   preempted: task_id=batch_311 wf=infern_workflow type=client_req priority=0 cpus=1 gpus=0.00125
[2m20:57:59.418[0m [96m[INFO][0m [37m[RESOURCEMANAGER][0m [97m[ResourceManager][0m   preempted: task_id=batch_312 wf=infern_workflow type=client_req priority=0 cpus=1 gpus=0.00125
[2m20:57:59.418[0m [96m[INFO][0m [37m[RESOURCEMANAGER][0m [97m[ResourceManager][0m   preempted: task_id=batch_313 wf=infern_workflow type=client_req priority=0 cpus=1 gpus=0.00125
[2m20:57:59.418[0m [96m[INFO][0m [37m[RESOURCEMANAGER][0m [97m[ResourceManager][0m   preempted: task_id=batch_314 wf=infern_workflow type=client_req priority=0 cpus=1 gpus=0.00125
[2m20:57:59.418[0m [96m[INFO][0m [37m[RESOURCEMANAGER][0m [97m[ResourceManager][0m   preempted: task_id=batch_315 wf=infern_workflow type=client_req priority=0 cpus=1 gpus=0.00125
[2m20:57:59.418[0m [96m[INFO][0m [37m[RESOURCEMANAGER][0m [97m[ResourceManager][0m   preempted: task_id=batch_316 wf=infern_workflow type=client_req priority=0 cpus=1 gpus=0.00125
[2m20:57:59.418[0m [96m[INFO][0m [37m[RESOURCEMANAGER][0m [97m[ResourceManager][0m   preempted: task_id=batch_317 wf=infern_workflow type=client_req priority=0 cpus=1 gpus=0.00125
[2m20:57:59.418[0m [96m[INFO][0m [37m[RESOURCEMANAGER][0m [97m[ResourceManager][0m   preempted: task_id=batch_318 wf=infern_workflow type=client_req priority=0 cpus=1 gpus=0.00125
[2m20:57:59.418[0m [96m[INFO][0m [37m[RESOURCEMANAGER][0m [97m[ResourceManager][0m   preempted: task_id=batch_319 wf=infern_workflow type=client_req priority=0 cpus=1 gpus=0.00125
[2m20:57:59.418[0m [96m[INFO][0m [37m[RESOURCEMANAGER][0m [97m[ResourceManager][0m   preempted: task_id=batch_320 wf=infern_workflow type=client_req priority=0 cpus=1 gpus=0.00125
[2m20:57:59.418[0m [96m[INFO][0m [37m[RESOURCEMANAGER][0m [97m[ResourceManager][0m   preempted: task_id=batch_321 wf=infern_workflow type=client_req priority=0 cpus=1 gpus=0.00125
[2m20:57:59.418[0m [96m[INFO][0m [37m[RESOURCEMANAGER][0m [97m[ResourceManager][0m   preempted: task_id=batch_322 wf=infern_workflow type=client_req priority=0 cpus=1 gpus=0.00125
[2m20:57:59.418[0m [96m[INFO][0m [37m[RESOURCEMANAGER][0m [97m[ResourceManager][0m   preempted: task_id=batch_323 wf=infern_workflow type=client_req priority=0 cpus=1 gpus=0.00125
[2m20:57:59.418[0m [96m[INFO][0m [37m[RESOURCEMANAGER][0m [97m[ResourceManager][0m   preempted: task_id=batch_324 wf=infern_workflow type=client_req priority=0 cpus=1 gpus=0.00125
[2m20:57:59.418[0m [96m[INFO][0m [37m[RESOURCEMANAGER][0m [97m[ResourceManager][0m   preempted: task_id=batch_325 wf=infern_workflow type=client_req priority=0 cpus=1 gpus=0.00125
[2m20:57:59.418[0m [96m[INFO][0m [37m[RESOURCEMANAGER][0m [97m[ResourceManager][0m   preempted: task_id=batch_326 wf=infern_workflow type=client_req priority=0 cpus=1 gpus=0.00125
[2m20:57:59.418[0m [96m[INFO][0m [37m[RESOURCEMANAGER][0m [97m[ResourceManager][0m   preempted: task_id=batch_327 wf=infern_workflow type=client_req priority=0 cpus=1 gpus=0.00125
[2m20:57:59.418[0m [96m[INFO][0m [37m[RESOURCEMANAGER][0m [97m[ResourceManager][0m   preempted: task_id=batch_328 wf=infern_workflow type=client_req priority=0 cpus=1 gpus=0.00125
[2m20:57:59.418[0m [96m[INFO][0m [37m[RESOURCEMANAGER][0m [97m[ResourceManager][0m   preempted: task_id=batch_329 wf=infern_workflow type=client_req priority=0 cpus=1 gpus=0.00125
[2m20:57:59.418[0m [96m[INFO][0m [37m[RESOURCEMANAGER][0m [97m[ResourceManager][0m   preempted: task_id=batch_330 wf=infern_workflow type=client_req priority=0 cpus=1 gpus=0.00125
[2m20:57:59.418[0m [96m[INFO][0m [37m[RESOURCEMANAGER][0m [97m[ResourceManager][0m   preempted: task_id=batch_331 wf=infern_workflow type=client_req priority=0 cpus=1 gpus=0.00125
[2m20:57:59.418[0m [96m[INFO][0m [37m[RESOURCEMANAGER][0m [97m[ResourceManager][0m   preempted: task_id=batch_332 wf=infern_workflow type=client_req priority=0 cpus=1 gpus=0.00125
[2m20:57:59.418[0m [96m[INFO][0m [37m[RESOURCEMANAGER][0m [97m[ResourceManager][0m   preempted: task_id=batch_333 wf=infern_workflow type=client_req priority=0 cpus=1 gpus=0.00125
[2m20:57:59.418[0m [96m[INFO][0m [37m[RESOURCEMANAGER][0m [97m[ResourceManager][0m   preempted: task_id=batch_334 wf=infern_workflow type=client_req priority=0 cpus=1 gpus=0.00125
[2m20:57:59.420[0m [96m[INFO][0m [34m[SIMULATION][0m Task started: [97mSim config_183[0m
[2m20:57:59.421[0m [93m[WARNING][0m [37m[INFERENCESERVICE][0m [97m[InferenceService][0m [Client 0] Preempted at task 0 — re-queuing 56 batch(es) for retry
[2m20:57:59.545[0m [96m[INFO][0m [37m[INFERENCESERVICE][0m [97m[InferenceService][0m [service 0] | elapsed=556.77s | req/s=0.00 | tok/s=9702.20 | work_q=24 | active_workers=16/16 | 
[2m20:58:07.627[0m [96m[INFO][0m [34m[SIMULATION][0m Task completed: [97mSim config_144[0m
[2m20:58:07.628[0m [96m[INFO][0m [34m[SIMULATION][0m Task started: [97mSim config_174[0m
[2m20:58:08.351[0m [96m[INFO][0m [95m[INFERENCE][0m Task completed: [97mModel Inference[0m
[2m20:58:08.351[0m [93m[WARNING][0m [34m[SIMULATION][0m Task killed: [97mSim config_140 permanently killed (prediction score 0.4707170394512942)[0m
[2m20:58:08.351[0m [93m[WARNING][0m [34m[SIMULATION][0m Task killed: [97mSim config_178 permanently killed (prediction score 0.47610122487785456)[0m
[2m20:58:08.351[0m [93m[WARNING][0m [34m[SIMULATION][0m Task killed: [97mSim config_26 permanently killed (prediction score 0.4734827925429632)[0m
[2m20:58:08.351[0m [93m[WARNING][0m [34m[SIMULATION][0m Task killed: [97mSim config_43 permanently killed (prediction score 0.4934865211379629)[0m
[2m20:58:08.351[0m [93m[WARNING][0m [34m[SIMULATION][0m Task killed: [97mSim config_98 permanently killed (prediction score 0.49175393461352923)[0m
[2m20:58:08.352[0m [93m[WARNING][0m [34m[SIMULATION][0m Task killed: [97mSim config_140 permanently killed[0m
[2m20:58:08.352[0m [93m[WARNING][0m [34m[SIMULATION][0m Task killed: [97mSim config_178 permanently killed[0m
[2m20:58:08.352[0m [93m[WARNING][0m [34m[SIMULATION][0m Task killed: [97mSim config_26 permanently killed[0m
[2m20:58:08.352[0m [93m[WARNING][0m [34m[SIMULATION][0m Task killed: [97mSim config_43 permanently killed[0m
[2m20:58:08.352[0m [93m[WARNING][0m [34m[SIMULATION][0m Task killed: [97mSim config_98 permanently killed[0m
Post-processing results... 180 205
[2m20:58:08.352[0m [96m[INFO][0m [34m[SIMULATION][0m Task started: [97mSim config_118[0m
[2m20:58:08.352[0m [96m[INFO][0m [34m[SIMULATION][0m Task started: [97mSim config_139[0m
[2m20:58:08.353[0m [96m[INFO][0m [34m[SIMULATION][0m Task started: [97mSim config_149[0m
[2m20:58:08.411[0m [96m[INFO][0m [34m[SIMULATION][0m Task started: [97mSim config_123[0m
[2m20:58:08.412[0m [96m[INFO][0m [37m[RESOURCEMANAGER][0m [97m[ResourceManager][0m preempting 4 task(s) for task_id=config_58 wf=dummy_workflow type=simulation priority=8
[2m20:58:08.412[0m [96m[INFO][0m [37m[RESOURCEMANAGER][0m [97m[ResourceManager][0m   preempted: task_id=batch_335 wf=infern_workflow type=client_req priority=0 cpus=1 gpus=0.00125
[2m20:58:08.412[0m [96m[INFO][0m [37m[RESOURCEMANAGER][0m [97m[ResourceManager][0m   preempted: task_id=batch_336 wf=infern_workflow type=client_req priority=0 cpus=1 gpus=0.00125
[2m20:58:08.412[0m [96m[INFO][0m [37m[RESOURCEMANAGER][0m [97m[ResourceManager][0m   preempted: task_id=batch_337 wf=infern_workflow type=client_req priority=0 cpus=1 gpus=0.00125
[2m20:58:08.412[0m [96m[INFO][0m [37m[RESOURCEMANAGER][0m [97m[ResourceManager][0m   preempted: task_id=batch_338 wf=infern_workflow type=client_req priority=0 cpus=1 gpus=0.00125
[2m20:58:08.412[0m [96m[INFO][0m [34m[SIMULATION][0m Task started: [97mSim config_58[0m
[2m20:58:09.352[0m [96m[INFO][0m [91m[MANAGER][0m 8 simulation(s) running...
[2m20:58:19.546[0m [96m[INFO][0m [37m[INFERENCESERVICE][0m [97m[InferenceService][0m [service 0] | elapsed=576.77s | req/s=3.00 | tok/s=55158.27 | work_q=0 | active_workers=0/16 | 
[2m20:58:25.416[0m [96m[INFO][0m [34m[SIMULATION][0m Task completed: [97mSim config_21[0m
[2m20:58:25.417[0m [96m[INFO][0m [34m[SIMULATION][0m Task started: [97mSim config_63[0m
[2m20:58:25.781[0m [96m[INFO][0m [34m[SIMULATION][0m Task completed: [97mSim config_183[0m
[2m20:58:25.782[0m [96m[INFO][0m [34m[SIMULATION][0m Task started: [97mSim config_24[0m
[2m20:58:29.353[0m [96m[INFO][0m [95m[INFERENCE][0m Task started: [97mModel Inference[0m
[2m20:58:33.857[0m [96m[INFO][0m [34m[SIMULATION][0m Task completed: [97mSim config_174[0m
[2m20:58:33.857[0m [96m[INFO][0m [34m[SIMULATION][0m Task started: [97mSim config_143[0m
[2m20:58:35.088[0m [96m[INFO][0m [34m[SIMULATION][0m Task completed: [97mSim config_123[0m
[2m20:58:35.089[0m [96m[INFO][0m [34m[SIMULATION][0m Task started: [97mSim config_185[0m
[2m20:58:35.236[0m [96m[INFO][0m [34m[SIMULATION][0m Task completed: [97mSim config_139[0m
[2m20:58:35.236[0m [96m[INFO][0m [34m[SIMULATION][0m Task started: [97mSim config_104[0m
[2m20:58:35.380[0m [96m[INFO][0m [34m[SIMULATION][0m Task completed: [97mSim config_149[0m
[2m20:58:35.380[0m [96m[INFO][0m [34m[SIMULATION][0m Task started: [97mSim config_136[0m
[2m20:58:35.513[0m [96m[INFO][0m [34m[SIMULATION][0m Task completed: [97mSim config_58[0m
[2m20:58:35.513[0m [96m[INFO][0m [34m[SIMULATION][0m Task started: [97mSim config_15[0m
[2m20:58:35.542[0m [96m[INFO][0m [34m[SIMULATION][0m Task completed: [97mSim config_118[0m
[2m20:58:35.543[0m [96m[INFO][0m [34m[SIMULATION][0m Task started: [97mSim config_91[0m
[2m20:58:43.783[0m [96m[INFO][0m [95m[INFERENCE][0m Task completed: [97mModel Inference[0m
[2m20:58:43.783[0m [93m[WARNING][0m [34m[SIMULATION][0m Task killed: [97mSim config_24 permanently killed (prediction score 0.4640825540263412)[0m
[2m20:58:43.783[0m [93m[WARNING][0m [34m[SIMULATION][0m Task killed: [97mSim config_63 permanently killed (prediction score 0.4966910474541183)[0m
[2m20:58:43.784[0m [93m[WARNING][0m [34m[SIMULATION][0m Task killed: [97mSim config_24 permanently killed[0m
[2m20:58:43.784[0m [93m[WARNING][0m [34m[SIMULATION][0m Task killed: [97mSim config_63 permanently killed[0m
Post-processing results... 190 205
[2m20:58:43.784[0m [96m[INFO][0m [34m[SIMULATION][0m Task started: [97mSim config_137[0m
[2m20:58:43.784[0m [96m[INFO][0m [37m[RESOURCEMANAGER][0m [97m[ResourceManager][0m preempting 1 task(s) for task_id=config_35 wf=dummy_workflow type=simulation priority=8
[2m20:58:43.784[0m [96m[INFO][0m [37m[RESOURCEMANAGER][0m [97m[ResourceManager][0m   preempted: task_id=batch_339 wf=infern_workflow type=client_req priority=0 cpus=1 gpus=0.00125
[2m20:58:43.784[0m [90m[DEBUG][0m [37m[INFERENCESERVICE][0m [97m[InferenceService][0m [Client 0] Flushing 4 tasks
[2m20:58:43.784[0m [96m[INFO][0m [34m[SIMULATION][0m Task started: [97mSim config_35[0m
[2m20:58:43.786[0m [90m[DEBUG][0m [37m[INFERENCESERVICE][0m [97m[InferenceService][0m [Client 0] Flushing 1 tasks
[2m20:58:43.787[0m [93m[WARNING][0m [37m[INFERENCESERVICE][0m [97m[InferenceService][0m [Client 0] Preempted at task 0 — re-queuing 1 batch(es) for retry
[2m20:58:44.785[0m [96m[INFO][0m [91m[MANAGER][0m 8 simulation(s) running...
[2m20:58:59.549[0m [96m[INFO][0m [37m[INFERENCESERVICE][0m [97m[InferenceService][0m [service 0] | elapsed=616.77s | req/s=0.02 | tok/s=540.76 | work_q=0 | active_workers=0/16 | 
[2m20:58:59.683[0m [96m[INFO][0m [34m[SIMULATION][0m Task completed: [97mSim config_143[0m
[2m20:58:59.683[0m [96m[INFO][0m [34m[SIMULATION][0m Task started: [97mSim config_0[0m
[2m20:58:59.683[0m [96m[INFO][0m [91m[MANAGER][0m Submitted 18 new simulation(s)
[2m20:59:01.153[0m [96m[INFO][0m [34m[SIMULATION][0m Task completed: [97mSim config_185[0m
[2m20:59:01.153[0m [96m[INFO][0m [34m[SIMULATION][0m Task started: [97mSim config_12[0m
[2m20:59:01.438[0m [96m[INFO][0m [34m[SIMULATION][0m Task completed: [97mSim config_104[0m
[2m20:59:01.439[0m [96m[INFO][0m [34m[SIMULATION][0m Task started: [97mSim config_167[0m
[2m20:59:01.439[0m [96m[INFO][0m [91m[MANAGER][0m Submitted 7 new simulation(s)
[2m20:59:01.684[0m [96m[INFO][0m [34m[SIMULATION][0m Task completed: [97mSim config_136[0m
[2m20:59:01.684[0m [96m[INFO][0m [34m[SIMULATION][0m Task started: [97mSim config_204[0m
[2m20:59:01.832[0m [96m[INFO][0m [34m[SIMULATION][0m Task completed: [97mSim config_91[0m
[2m20:59:01.832[0m [96m[INFO][0m [34m[SIMULATION][0m Task started: [97mSim config_203[0m
[2m20:59:01.841[0m [96m[INFO][0m [34m[SIMULATION][0m Task completed: [97mSim config_15[0m
[2m20:59:01.842[0m [96m[INFO][0m [34m[SIMULATION][0m Task started: [97mSim config_108[0m
[2m20:59:04.787[0m [96m[INFO][0m [95m[INFERENCE][0m Task started: [97mModel Inference[0m
[2m20:59:09.723[0m [96m[INFO][0m [34m[SIMULATION][0m Task completed: [97mSim config_137[0m
[2m20:59:09.723[0m [96m[INFO][0m [34m[SIMULATION][0m Task started: [97mSim config_61[0m
[2m20:59:09.723[0m [96m[INFO][0m [91m[MANAGER][0m Submitted 4 new simulation(s)
[2m20:59:09.780[0m [96m[INFO][0m [34m[SIMULATION][0m Task completed: [97mSim config_35[0m
[2m20:59:09.786[0m [90m[DEBUG][0m [37m[INFERENCESERVICE][0m [97m[InferenceService][0m [Client 0] Flushing 56 tasks
[2m20:59:19.443[0m [96m[INFO][0m [95m[INFERENCE][0m Task completed: [97mModel Inference[0m
[2m20:59:19.444[0m [93m[WARNING][0m [34m[SIMULATION][0m Task killed: [97mSim config_203 permanently killed (prediction score 0.4804088997717346)[0m
[2m20:59:19.444[0m [93m[WARNING][0m [34m[SIMULATION][0m Task killed: [97mSim config_204 permanently killed (prediction score 0.48991480860965186)[0m
[2m20:59:19.444[0m [93m[WARNING][0m [34m[SIMULATION][0m Task killed: [97mSim config_203 permanently killed[0m
[2m20:59:19.444[0m [93m[WARNING][0m [34m[SIMULATION][0m Task killed: [97mSim config_204 permanently killed[0m
Post-processing results... 200 205
[2m20:59:19.556[0m [96m[INFO][0m [37m[INFERENCESERVICE][0m [97m[InferenceService][0m [service 0] | elapsed=636.78s | req/s=1.10 | tok/s=41086.06 | work_q=18 | active_workers=16/16 | 
[2m20:59:20.456[0m [96m[INFO][0m [91m[MANAGER][0m 5 simulation(s) running...
[2m20:59:25.560[0m [96m[INFO][0m [34m[SIMULATION][0m Task completed: [97mSim config_0[0m
[2m20:59:26.323[0m [90m[DEBUG][0m [37m[INFERENCESERVICE][0m [97m[InferenceService][0m [Client 0] Flushing 60 tasks
[2m20:59:27.203[0m [96m[INFO][0m [34m[SIMULATION][0m Task completed: [97mSim config_12[0m
[2m20:59:27.557[0m [96m[INFO][0m [34m[SIMULATION][0m Task completed: [97mSim config_167[0m
[2m20:59:28.054[0m [96m[INFO][0m [34m[SIMULATION][0m Task completed: [97mSim config_108[0m
[2m20:59:36.040[0m [96m[INFO][0m [34m[SIMULATION][0m Task completed: [97mSim config_61[0m
[2m20:59:39.557[0m [96m[INFO][0m [37m[INFERENCESERVICE][0m [97m[InferenceService][0m [service 0] | elapsed=656.78s | req/s=3.30 | tok/s=71382.22 | work_q=12 | active_workers=16/16 | 
[2m20:59:40.456[0m [96m[INFO][0m [95m[INFERENCE][0m Task started: [97mModel Inference[0m
[2m20:59:45.408[0m [90m[DEBUG][0m [37m[INFERENCESERVICE][0m [97m[InferenceService][0m [Client 0] Flushing 63 tasks
[2m20:59:55.174[0m [96m[INFO][0m [95m[INFERENCE][0m Task completed: [97mModel Inference[0m
Post-processing results... 205 205
[2m20:59:55.176[0m [96m[INFO][0m [91m[MANAGER][0m All sim have completed...
[2m20:59:56.177[0m [96m[INFO][0m [91m[MANAGER][0m All tasks finished. Exiting.
[94m==================== DDSim MANAGER FINISHED ====================[0m
[2m20:59:56.177[0m [96m[INFO][0m [37m[INFERENCESERVICE][0m [97m[InferenceService][0m DDSim finished — released 0 RM slot(s)
[2m20:59:59.557[0m [96m[INFO][0m [37m[INFERENCESERVICE][0m [97m[InferenceService][0m [service 0] | elapsed=676.78s | req/s=3.00 | tok/s=64894.86 | work_q=15 | active_workers=16/16 | 
[2m21:00:05.081[0m [90m[DEBUG][0m [37m[INFERENCESERVICE][0m [97m[InferenceService][0m [Client 0] Flushing 64 tasks
[2m21:00:19.558[0m [96m[INFO][0m [37m[INFERENCESERVICE][0m [97m[InferenceService][0m [service 0] | elapsed=696.78s | req/s=3.15 | tok/s=68138.92 | work_q=16 | active_workers=16/16 | 
[2m21:00:24.822[0m [90m[DEBUG][0m [37m[INFERENCESERVICE][0m [97m[InferenceService][0m [Client 0] Flushing 64 tasks
[2m21:00:39.559[0m [96m[INFO][0m [37m[INFERENCESERVICE][0m [97m[InferenceService][0m [service 0] | elapsed=716.78s | req/s=3.45 | tok/s=74625.28 | work_q=11 | active_workers=16/16 | 
[2m21:00:44.081[0m [90m[DEBUG][0m [37m[INFERENCESERVICE][0m [97m[InferenceService][0m [Client 0] Flushing 64 tasks
[2m21:00:59.560[0m [96m[INFO][0m [37m[INFERENCESERVICE][0m [97m[InferenceService][0m [service 0] | elapsed=736.78s | req/s=3.75 | tok/s=81114.72 | work_q=0 | active_workers=16/16 | 
[2m21:01:03.932[0m [90m[DEBUG][0m [37m[INFERENCESERVICE][0m [97m[InferenceService][0m [Client 0] Flushing 64 tasks
[2m21:01:19.561[0m [96m[INFO][0m [37m[INFERENCESERVICE][0m [97m[InferenceService][0m [service 0] | elapsed=756.78s | req/s=2.90 | tok/s=62731.43 | work_q=6 | active_workers=16/16 | 
[2m21:01:22.458[0m [90m[DEBUG][0m [37m[INFERENCESERVICE][0m [97m[InferenceService][0m [Client 0] Flushing 64 tasks
[2m21:01:39.562[0m [96m[INFO][0m [37m[INFERENCESERVICE][0m [97m[InferenceService][0m [service 0] | elapsed=776.79s | req/s=3.50 | tok/s=75708.17 | work_q=0 | active_workers=16/16 | 
[2m21:01:42.132[0m [90m[DEBUG][0m [37m[INFERENCESERVICE][0m [97m[InferenceService][0m [Client 0] Flushing 64 tasks
[2m21:01:59.563[0m [96m[INFO][0m [37m[INFERENCESERVICE][0m [97m[InferenceService][0m [service 0] | elapsed=796.79s | req/s=3.20 | tok/s=69218.56 | work_q=0 | active_workers=16/16 | 
[2m21:02:01.090[0m [90m[DEBUG][0m [37m[INFERENCESERVICE][0m [97m[InferenceService][0m [Client 0] Flushing 64 tasks
[2m21:02:19.564[0m [96m[INFO][0m [37m[INFERENCESERVICE][0m [97m[InferenceService][0m [service 0] | elapsed=816.79s | req/s=3.45 | tok/s=69219.34 | work_q=0 | active_workers=11/16 | 
[2m21:02:20.339[0m [90m[DEBUG][0m [37m[INFERENCESERVICE][0m [97m[InferenceService][0m [Client 0] Flushing 64 tasks
[2m21:02:39.564[0m [96m[INFO][0m [37m[INFERENCESERVICE][0m [97m[InferenceService][0m [service 0] | elapsed=836.79s | req/s=2.95 | tok/s=69219.88 | work_q=0 | active_workers=16/16 | 
[2m21:02:40.271[0m [90m[DEBUG][0m [37m[INFERENCESERVICE][0m [97m[InferenceService][0m [Client 0] Flushing 64 tasks
[2m21:02:59.565[0m [96m[INFO][0m [37m[INFERENCESERVICE][0m [97m[InferenceService][0m [service 0] | elapsed=856.79s | req/s=3.95 | tok/s=69218.95 | work_q=0 | active_workers=1/16 | 
[2m21:02:59.592[0m [90m[DEBUG][0m [37m[INFERENCESERVICE][0m [97m[InferenceService][0m [Client 0] Flushing 64 tasks
[2m21:03:19.474[0m [90m[DEBUG][0m [37m[INFERENCESERVICE][0m [97m[InferenceService][0m [Client 0] Flushing 64 tasks
[2m21:03:19.568[0m [96m[INFO][0m [37m[INFERENCESERVICE][0m [97m[InferenceService][0m [service 0] | elapsed=876.79s | req/s=3.25 | tok/s=73539.01 | work_q=10 | active_workers=16/16 | 
[2m21:03:39.436[0m [90m[DEBUG][0m [37m[INFERENCESERVICE][0m [97m[InferenceService][0m [Client 0] Flushing 64 tasks
[2m21:03:39.569[0m [96m[INFO][0m [37m[INFERENCESERVICE][0m [97m[InferenceService][0m [service 0] | elapsed=896.79s | req/s=3.20 | tok/s=70300.73 | work_q=24 | active_workers=16/16 | 
[2m21:03:59.312[0m [90m[DEBUG][0m [37m[INFERENCESERVICE][0m [97m[InferenceService][0m [Client 0] Flushing 64 tasks
[2m21:03:59.576[0m [96m[INFO][0m [37m[INFERENCESERVICE][0m [97m[InferenceService][0m [service 0] | elapsed=916.80s | req/s=3.20 | tok/s=77848.93 | work_q=24 | active_workers=16/16 | 
[2m21:04:19.197[0m [90m[DEBUG][0m [37m[INFERENCESERVICE][0m [97m[InferenceService][0m [Client 0] Flushing 64 tasks
[2m21:04:19.577[0m [96m[INFO][0m [37m[INFERENCESERVICE][0m [97m[InferenceService][0m [service 0] | elapsed=936.80s | req/s=3.20 | tok/s=67054.71 | work_q=24 | active_workers=16/16 | 
[2m21:04:38.418[0m [90m[DEBUG][0m [37m[INFERENCESERVICE][0m [97m[InferenceService][0m [Client 0] Flushing 64 tasks
[2m21:04:39.578[0m [96m[INFO][0m [37m[INFERENCESERVICE][0m [97m[InferenceService][0m [service 0] | elapsed=956.80s | req/s=3.20 | tok/s=74628.34 | work_q=24 | active_workers=16/16 | 
[2m21:04:58.520[0m [90m[DEBUG][0m [37m[INFERENCESERVICE][0m [97m[InferenceService][0m [Client 0] Flushing 64 tasks
[2m21:04:59.579[0m [96m[INFO][0m [37m[INFERENCESERVICE][0m [97m[InferenceService][0m [service 0] | elapsed=976.80s | req/s=3.20 | tok/s=69218.78 | work_q=24 | active_workers=16/16 | 
[2m21:05:18.849[0m [96m[INFO][0m [37m[INFERENCESERVICE][0m [97m[InferenceService][0m [Client 0] Received shutdown sentinel
[2m21:05:18.850[0m [90m[DEBUG][0m [37m[INFERENCESERVICE][0m [97m[InferenceService][0m [Client 0] Flushing 57 tasks
[2m21:05:19.580[0m [96m[INFO][0m [37m[INFERENCESERVICE][0m [97m[InferenceService][0m [service 0] | elapsed=996.80s | req/s=3.20 | tok/s=69218.92 | work_q=24 | active_workers=16/16 | 
[2m21:05:36.162[0m [90m[DEBUG][0m [37m[INFERENCESERVICE][0m [97m[InferenceService][0m [Client 0] Flushing 64 tasks
[2m21:05:39.581[0m [96m[INFO][0m [37m[INFERENCESERVICE][0m [97m[InferenceService][0m [service 0] | elapsed=1016.80s | req/s=2.85 | tok/s=61646.67 | work_q=24 | active_workers=16/16 | 
[2m21:05:55.913[0m [90m[DEBUG][0m [37m[INFERENCESERVICE][0m [97m[InferenceService][0m [Client 0] Flushing 64 tasks
[2m21:05:59.584[0m [96m[INFO][0m [37m[INFERENCESERVICE][0m [97m[InferenceService][0m [service 0] | elapsed=1036.81s | req/s=3.20 | tok/s=69214.35 | work_q=24 | active_workers=16/16 | 
[2m21:06:16.235[0m [90m[DEBUG][0m [37m[INFERENCESERVICE][0m [97m[InferenceService][0m [Client 0] Flushing 64 tasks
[2m21:06:19.584[0m [96m[INFO][0m [37m[INFERENCESERVICE][0m [97m[InferenceService][0m [service 0] | elapsed=1056.81s | req/s=3.20 | tok/s=69219.36 | work_q=24 | active_workers=16/16 | 
[2m21:06:36.086[0m [90m[DEBUG][0m [37m[INFERENCESERVICE][0m [97m[InferenceService][0m [Client 0] Flushing 64 tasks
[2m21:06:39.585[0m [96m[INFO][0m [37m[INFERENCESERVICE][0m [97m[InferenceService][0m [service 0] | elapsed=1076.81s | req/s=3.20 | tok/s=69219.24 | work_q=24 | active_workers=16/16 | 
[2m21:06:56.135[0m [96m[INFO][0m [37m[INFERENCESERVICE][0m [97m[InferenceService][0m [Client 0] Received shutdown sentinel
[2m21:06:56.135[0m [90m[DEBUG][0m [37m[INFERENCESERVICE][0m [97m[InferenceService][0m [Client 0] Flushing 59 tasks
[2m21:06:59.597[0m [96m[INFO][0m [37m[INFERENCESERVICE][0m [97m[InferenceService][0m [service 0] | elapsed=1096.82s | req/s=3.20 | tok/s=69182.89 | work_q=24 | active_workers=16/16 | 
[2m21:07:15.466[0m [96m[INFO][0m [37m[INFERENCESERVICE][0m [97m[InferenceService][0m [Client 0] Dispatched 1915 batches total
[2m21:07:15.466[0m [96m[INFO][0m [92m[TASK][0m [97m[InferenceService][0m Task completed: [97m[rank 0] Remote inference[0m
[2m21:07:15.466[0m [96m[INFO][0m [37m[INFERENCESERVICE][0m [97m[InferenceService][0m [Client 0] Cleanup complete
[2m21:07:15.466[0m [96m[INFO][0m [37m[INFERENCESERVICE][0m [97m[InferenceService][0m [Client 0] Closing
[94m==================== SHUTTING DOWN SERVERS ====================[0m
[2m21:07:15.812[0m [96m[INFO][0m [37m[INFERENCESERVICE][0m [97m[InferenceService][0m Shutting down http://v033.pvt.bridges2.psc.edu:8001...
[2m21:07:15.812[0m [96m[INFO][0m [37m[INFERENCESERVICE][0m [97m[InferenceService][0m [rank 0] Stopping 16 workers and metrics logging...
[2m21:07:15.812[0m [96m[INFO][0m [37m[INFERENCESERVICE][0m [97m[InferenceService][0m [rank 0] Clearing queue and signaling exit...
[2m21:07:15.812[0m [96m[INFO][0m [37m[INFERENCESERVICE][0m [97m[InferenceService][0m [rank 0] Waiting for disk I/O to complete...
[2m21:07:15.813[0m [96m[INFO][0m [37m[INFERENCESERVICE][0m [97m[InferenceService][0m [Service 0] Embedding writer received shutdown sentinel
[2m21:07:15.813[0m [96m[INFO][0m [37m[INFERENCESERVICE][0m [97m[InferenceService][0m [Service 0] Embedding writer stopped
[2m21:07:15.815[0m [96m[INFO][0m [37m[INFERENCESERVICE][0m [97m[InferenceService][0m [Worker 7] Stopped after processing 119 batches
[2m21:07:15.815[0m [96m[INFO][0m [37m[INFERENCESERVICE][0m [97m[InferenceService][0m [Worker 15] Stopped after processing 118 batches
[2m21:07:15.815[0m [96m[INFO][0m [37m[INFERENCESERVICE][0m [97m[InferenceService][0m [Worker 5] Stopped after processing 119 batches
[2m21:07:15.815[0m [96m[INFO][0m [37m[INFERENCESERVICE][0m [97m[InferenceService][0m [Worker 13] Stopped after processing 119 batches
[2m21:07:15.815[0m [96m[INFO][0m [37m[INFERENCESERVICE][0m [97m[InferenceService][0m [Worker 14] Stopped after processing 115 batches
[2m21:07:15.815[0m [96m[INFO][0m [37m[INFERENCESERVICE][0m [97m[InferenceService][0m [Worker 12] Stopped after processing 120 batches
[2m21:07:15.815[0m [96m[INFO][0m [37m[INFERENCESERVICE][0m [97m[InferenceService][0m [Worker 6] Stopped after processing 120 batches
[2m21:07:15.815[0m [96m[INFO][0m [37m[INFERENCESERVICE][0m [97m[InferenceService][0m [Worker 4] Stopped after processing 116 batches
[2m21:07:15.815[0m [96m[INFO][0m [37m[INFERENCESERVICE][0m [97m[InferenceService][0m [Worker 3] Stopped after processing 120 batches
[2m21:07:15.815[0m [96m[INFO][0m [37m[INFERENCESERVICE][0m [97m[InferenceService][0m [Worker 2] Stopped after processing 121 batches
[2m21:07:15.815[0m [96m[INFO][0m [37m[INFERENCESERVICE][0m [97m[InferenceService][0m [Worker 0] Stopped after processing 125 batches
[2m21:07:15.815[0m [96m[INFO][0m [37m[INFERENCESERVICE][0m [97m[InferenceService][0m [Worker 1] Stopped after processing 122 batches
[2m21:07:15.815[0m [96m[INFO][0m [37m[INFERENCESERVICE][0m [97m[InferenceService][0m [Worker 10] Stopped after processing 120 batches
[2m21:07:15.815[0m [96m[INFO][0m [37m[INFERENCESERVICE][0m [97m[InferenceService][0m [Worker 11] Stopped after processing 121 batches
[2m21:07:15.815[0m [96m[INFO][0m [37m[INFERENCESERVICE][0m [97m[InferenceService][0m [Worker 9] Stopped after processing 118 batches
[2m21:07:15.815[0m [96m[INFO][0m [37m[INFERENCESERVICE][0m [97m[InferenceService][0m [Worker 8] Stopped after processing 122 batches
[2m21:07:15.819[0m [96m[INFO][0m [37m[INFERENCESERVICE][0m [97m[InferenceService][0m [rank 0] All workers and metrics logging stopped
[2m21:07:15.819[0m [96m[INFO][0m [37m[INFERENCESERVICE][0m [97m[InferenceService][0m [Server] Shutting down...
[2m21:07:15.819[0m [96m[INFO][0m [37m[INFERENCESERVICE][0m [97m[InferenceService][0m [Server] Stopping GPU workers...
[2m21:07:15.819[0m [96m[INFO][0m [37m[INFERENCESERVICE][0m [97m[InferenceService][0m [rank 0] Stopping 16 workers and metrics logging...
[2m21:07:15.819[0m [96m[INFO][0m [37m[INFERENCESERVICE][0m [97m[InferenceService][0m [rank 0] Clearing queue and signaling exit...
[2m21:07:15.819[0m [96m[INFO][0m [37m[INFERENCESERVICE][0m [97m[InferenceService][0m [rank 0] Waiting for disk I/O to complete...
[2m21:07:15.822[0m [96m[INFO][0m [37m[INFERENCESERVICE][0m [97m[InferenceService][0m [rank 0] All workers and metrics logging stopped
[2m21:07:15.822[0m [96m[INFO][0m [37m[INFERENCESERVICE][0m [97m[InferenceService][0m [Server] Cleanup complete
[2m21:07:15.823[0m [96m[INFO][0m [37m[RESOURCEMANAGER][0m [97m[ResourceManager][0m close: cancelling 0 pending, preempting 0 running
[2m21:07:15.823[0m [96m[INFO][0m [37m[RESOURCEMANAGER][0m [97m[ResourceManager][0m close: done
All work has been completed...
